login,full_name,created_at,stargazers_count,watchers_count,language,has_projects,has_wiki,license_name
cassidoo,cassidoo/accordion,2020-01-23T13:19:32Z,17,17,JavaScript,TRUE,TRUE,
cassidoo,cassidoo/agagd,2023-11-20T05:21:51Z,1,1,,TRUE,FALSE,mit
cassidoo,cassidoo/ama,2020-06-09T02:22:18Z,62,62,,FALSE,FALSE,
cassidoo,cassidoo/ASL2048,2014-03-20T14:29:23Z,0,0,CSS,TRUE,TRUE,mit
cassidoo,cassidoo/astro,2021-09-14T06:35:07Z,0,0,,TRUE,FALSE,other
cassidoo,cassidoo/astro-docs,2021-07-06T20:04:04Z,0,0,,TRUE,TRUE,
cassidoo,cassidoo/astro-netlify-starter,2021-07-06T20:16:41Z,68,68,Astro,TRUE,TRUE,
cassidoo,cassidoo/astro-react-vue-demo,2021-06-24T22:26:44Z,49,49,CSS,TRUE,TRUE,
cassidoo,cassidoo/astro-redirects-example,2023-01-01T00:47:59Z,7,7,Astro,TRUE,TRUE,
cassidoo,cassidoo/astro-vt-demo,2024-03-30T18:21:43Z,2,2,Astro,TRUE,TRUE,
cassidoo,cassidoo/astroship,2023-02-14T17:56:56Z,1,1,Astro,TRUE,TRUE,gpl-3.0
cassidoo,cassidoo/avocado-labs-demo,2020-06-30T16:57:43Z,5,5,JavaScript,TRUE,TRUE,
cassidoo,cassidoo/awesome-newsletters,2022-07-16T05:17:18Z,5,5,,TRUE,TRUE,
cassidoo,cassidoo/babel-plugin-root-import,2019-01-15T18:53:02Z,0,0,JavaScript,TRUE,FALSE,mit
cassidoo,cassidoo/Balance,2014-03-29T17:19:24Z,1,1,JavaScript,TRUE,TRUE,
cassidoo,cassidoo/better-security-questions,2022-06-20T04:57:39Z,142,142,JavaScript,FALSE,FALSE,isc
cassidoo,cassidoo/blahg,2022-08-24T05:27:50Z,239,239,Astro,TRUE,FALSE,
cassidoo,cassidoo/book-rating-demo,2020-09-16T02:16:42Z,26,26,JavaScript,TRUE,TRUE,
cassidoo,cassidoo/brainstorm-buddy-extension,2024-09-23T15:53:44Z,15,15,JavaScript,TRUE,TRUE,
cassidoo,cassidoo/calendso,2021-09-20T05:56:02Z,1,1,TypeScript,TRUE,FALSE,other
cassidoo,cassidoo/call-it-what-it-is,2019-07-15T22:16:41Z,42,42,JavaScript,TRUE,TRUE,
cassidoo,cassidoo/carbon-copy,2016-12-02T05:17:09Z,1,1,HTML,TRUE,TRUE,
cassidoo,cassidoo/cardstock,2021-10-22T16:53:27Z,98,98,CSS,FALSE,FALSE,mit
cassidoo,cassidoo/cass.lol,2020-11-28T05:59:23Z,4,4,,TRUE,TRUE,
cassidoo,cassidoo/cass.run,2021-01-28T23:09:23Z,163,163,,TRUE,TRUE,
cassidoo,cassidoo/cassidoo,2020-07-09T00:24:41Z,21,21,,TRUE,TRUE,
cassidoo,cassidoo/cassidoo-v3,2014-10-06T06:17:21Z,14,14,HTML,TRUE,TRUE,
cassidoo,cassidoo/cassidoo-v4,2016-04-11T16:48:40Z,11,11,CSS,TRUE,TRUE,
cassidoo,cassidoo/cassidoo-v5,2016-08-30T04:26:27Z,58,58,JavaScript,TRUE,TRUE,
cassidoo,cassidoo/cassidoo.github.io,2014-02-20T23:20:04Z,2,2,CSS,TRUE,TRUE,mit
felangel,felangel/amplify_starter,2022-07-06T14:51:53Z,2,2,,TRUE,TRUE,mit
felangel,felangel/atlas,2020-03-30T18:41:17Z,2,2,,TRUE,TRUE,mit
felangel,felangel/awesome-flutter,2018-12-09T14:50:23Z,10,10,Dart,TRUE,FALSE,
felangel,felangel/benchmarks,2020-06-15T04:48:52Z,2,2,,TRUE,TRUE,
felangel,felangel/bloc,2018-10-07T19:32:59Z,11807,11807,Dart,TRUE,TRUE,mit
felangel,felangel/bloc-close-sinks-bug,2019-10-18T14:59:34Z,0,0,Dart,TRUE,TRUE,
felangel,felangel/bloc.js,2019-08-11T05:01:32Z,190,190,TypeScript,TRUE,TRUE,
felangel,felangel/bloc_didchangedependencies,2021-03-02T05:11:24Z,2,2,,TRUE,TRUE,
felangel,felangel/bloc_library_basics_and_beyond,2020-01-18T23:58:48Z,29,29,Dart,TRUE,TRUE,
felangel,felangel/bloc_todos,2020-04-30T07:44:37Z,7,7,Dart,TRUE,TRUE,
felangel,felangel/brain.js,2018-11-12T23:51:35Z,0,0,JavaScript,TRUE,TRUE,mit
felangel,felangel/broadcast_bloc,2022-12-16T06:14:26Z,17,17,Dart,TRUE,TRUE,mit
felangel,felangel/build_verify,2020-08-27T14:47:43Z,2,2,,TRUE,TRUE,mit
felangel,felangel/codemagic_bloc_unit_tests,2019-11-13T03:53:48Z,14,14,Dart,TRUE,TRUE,
felangel,felangel/cool_counter,2020-10-06T02:52:38Z,18,18,Dart,TRUE,TRUE,
felangel,felangel/crossfader,2016-09-17T08:42:25Z,0,0,JavaScript,TRUE,TRUE,
felangel,felangel/csv-to-sql,2017-03-09T05:45:34Z,0,0,JavaScript,TRUE,TRUE,
felangel,felangel/cubit,2020-06-04T05:17:27Z,596,596,Dart,TRUE,TRUE,mit
felangel,felangel/cubit_and_beyond,2020-11-19T04:28:59Z,22,22,Dart,TRUE,TRUE,
felangel,felangel/Dart-Code,2019-07-24T05:09:45Z,3,3,TypeScript,TRUE,FALSE,mit
felangel,felangel/dart-neats,2021-07-13T05:43:55Z,1,1,Dart,TRUE,FALSE,apache-2.0
felangel,felangel/dart-pad,2020-04-23T02:52:40Z,1,1,,TRUE,TRUE,bsd-3-clause
felangel,felangel/dart-services,2020-04-23T02:54:00Z,1,1,,TRUE,TRUE,bsd-3-clause
felangel,felangel/dartdevc_exception_bug,2019-12-27T00:58:25Z,1,1,Dart,TRUE,TRUE,
felangel,felangel/dart_edge,2023-02-03T22:37:21Z,2,2,Dart,TRUE,FALSE,apache-2.0
felangel,felangel/dart_sealed_unions,2019-07-27T22:10:24Z,2,2,Dart,TRUE,TRUE,apache-2.0
felangel,felangel/data_class,2024-05-16T04:55:39Z,292,292,Dart,TRUE,TRUE,mit
felangel,felangel/devtools,2019-09-13T02:52:36Z,3,3,Dart,TRUE,FALSE,bsd-3-clause
felangel,felangel/dio,2019-06-05T16:50:33Z,2,2,Dart,TRUE,TRUE,mit
felangel,felangel/discord-open-source,2021-02-09T01:24:49Z,1,1,,TRUE,TRUE,
dabeaz,dabeaz/archive,2021-06-02T13:30:39Z,3,3,,TRUE,TRUE,
dabeaz,dabeaz/asks,2020-02-25T15:24:35Z,2,2,Python,TRUE,TRUE,mit
dabeaz,dabeaz/asm6502,2023-01-16T09:41:27Z,20,20,Python,TRUE,TRUE,mit
dabeaz,dabeaz/bitey,2012-08-09T02:20:13Z,609,609,Python,TRUE,TRUE,other
dabeaz,dabeaz/blog,2021-08-29T21:23:48Z,267,267,,TRUE,TRUE,
dabeaz,dabeaz/cluegen,2018-11-30T21:11:26Z,363,363,Python,FALSE,FALSE,
dabeaz,dabeaz/colonel,2016-06-07T16:27:55Z,8,8,Python,FALSE,FALSE,
dabeaz,dabeaz/concurrencylive,2015-04-10T21:12:39Z,162,162,Python,TRUE,TRUE,
dabeaz,dabeaz/cpython_hack,2020-06-12T15:33:41Z,47,47,C,TRUE,FALSE,other
dabeaz,dabeaz/curio,2015-10-11T14:02:00Z,4036,4036,Python,TRUE,TRUE,other
dabeaz,dabeaz/dabeaz.github.io,2023-01-14T13:33:15Z,4,4,HTML,TRUE,TRUE,
dabeaz,dabeaz/dataklasses,2021-12-19T23:40:48Z,786,786,Python,TRUE,TRUE,
dabeaz,dabeaz/flail,2018-11-19T15:40:00Z,41,41,Python,TRUE,TRUE,
dabeaz,dabeaz/frothy,2023-12-01T19:31:56Z,3,3,Racket,TRUE,TRUE,
dabeaz,dabeaz/generators,2018-10-29T20:11:53Z,429,429,,TRUE,TRUE,
dabeaz,dabeaz/hoppy,2017-12-29T18:54:15Z,9,9,,TRUE,TRUE,
dabeaz,dabeaz/janet,2020-08-10T00:06:08Z,2,2,C,TRUE,FALSE,mit
dabeaz,dabeaz/me-al,2015-03-30T00:12:16Z,64,64,Python,TRUE,FALSE,
dabeaz,dabeaz/modulepackage,2015-04-06T16:26:29Z,75,75,Python,TRUE,TRUE,
dabeaz,dabeaz/ply,2011-01-02T14:27:00Z,2788,2788,Python,FALSE,FALSE,
dabeaz,dabeaz/py65,2011-01-15T18:27:37Z,12,12,Python,TRUE,FALSE,bsd-3-clause
dabeaz,dabeaz/pylox,2022-01-18T14:45:53Z,48,48,Python,TRUE,TRUE,
dabeaz,dabeaz/python-cookbook,2013-04-08T11:01:19Z,3906,3906,Python,TRUE,TRUE,
dabeaz,dabeaz/python-distilled,2021-08-29T15:58:31Z,95,95,,TRUE,TRUE,
dabeaz,dabeaz/pythonprog,2016-12-19T00:57:27Z,63,63,Python,TRUE,TRUE,
dabeaz,dabeaz/raft_jun_2019,2019-06-25T16:33:38Z,9,9,Python,TRUE,TRUE,
dabeaz,dabeaz/ranet,2020-08-10T00:20:54Z,18,18,,TRUE,TRUE,mit
dabeaz,dabeaz/scritch,2024-09-16T18:22:37Z,1,1,Java,TRUE,TRUE,
dabeaz,dabeaz/sly,2016-09-02T14:23:48Z,824,824,Python,TRUE,TRUE,other
dabeaz,dabeaz/theater,2022-02-20T20:57:15Z,8,8,Python,TRUE,TRUE,
sstephenson,sstephenson/aoc21,2021-12-01T17:59:34Z,4,4,Awk,FALSE,FALSE,mit
sstephenson,sstephenson/bashprof,2013-11-18T18:21:40Z,25,25,Awk,TRUE,TRUE,
sstephenson,sstephenson/bats,2011-12-28T18:40:33Z,7123,7123,Shell,TRUE,TRUE,mit
sstephenson,sstephenson/brochure,2010-10-12T23:06:05Z,349,349,Ruby,TRUE,TRUE,mit
sstephenson,sstephenson/cognition,2018-10-29T16:12:19Z,2,2,TypeScript,TRUE,TRUE,
sstephenson,sstephenson/dimensions,2011-07-01T00:33:51Z,206,206,Ruby,TRUE,FALSE,mit
sstephenson,sstephenson/dnsserver.js,2011-09-19T00:22:23Z,37,37,JavaScript,TRUE,FALSE,mit
sstephenson,sstephenson/eco,2010-09-19T05:01:25Z,1710,1710,CoffeeScript,TRUE,FALSE,mit
sstephenson,sstephenson/execjs,2011-02-06T20:23:29Z,1163,1163,Ruby,TRUE,FALSE,mit
sstephenson,sstephenson/global_phone,2013-05-28T18:51:57Z,548,548,Ruby,TRUE,TRUE,mit
sstephenson,sstephenson/hector,2010-02-12T08:09:32Z,131,131,Ruby,TRUE,FALSE,mit
sstephenson,sstephenson/hike,2010-10-16T18:20:21Z,141,141,Ruby,TRUE,FALSE,mit
sstephenson,sstephenson/launch_socket_server,2014-11-07T20:57:20Z,85,85,Go,TRUE,TRUE,mit
sstephenson,sstephenson/mdtoc,2011-04-30T23:27:19Z,7,7,Ruby,TRUE,FALSE,
sstephenson,sstephenson/pseudo,2013-02-07T17:25:56Z,49,49,C,TRUE,TRUE,mit
sstephenson,sstephenson/replicant,2015-12-30T04:21:12Z,3,3,CoffeeScript,TRUE,TRUE,
sstephenson,sstephenson/ruby-eco,2011-06-04T19:28:59Z,68,68,Ruby,TRUE,FALSE,mit
sstephenson,sstephenson/ruby-ejs,2011-05-17T21:01:36Z,141,141,Ruby,TRUE,TRUE,mit
sstephenson,sstephenson/ruby-yui-compressor,2009-07-19T21:19:19Z,217,217,Ruby,TRUE,TRUE,
sstephenson,sstephenson/s,2013-09-03T17:07:00Z,40,40,CoffeeScript,TRUE,TRUE,mit
sstephenson,sstephenson/sprockets,2008-03-27T02:37:32Z,2551,2551,,TRUE,FALSE,
sstephenson,sstephenson/sprockets-rails,2009-02-08T18:37:38Z,123,123,Ruby,TRUE,FALSE,mit
sstephenson,sstephenson/stitch,2010-09-18T01:20:47Z,1042,1042,CoffeeScript,TRUE,FALSE,mit
sstephenson,sstephenson/strscan-js,2010-08-21T17:45:20Z,46,46,CoffeeScript,TRUE,FALSE,mit
mattgodbolt,mattgodbolt/6502_65C02_functional_tests,2014-10-15T23:25:36Z,0,0,,TRUE,TRUE,gpl-3.0
mattgodbolt,mattgodbolt/aeron,2018-10-09T15:39:08Z,2,2,Java,TRUE,TRUE,apache-2.0
mattgodbolt,mattgodbolt/agner,2016-01-29T14:07:15Z,110,110,C++,TRUE,TRUE,gpl-3.0
mattgodbolt,mattgodbolt/arm_thing,2018-05-14T15:14:22Z,2,2,C++,TRUE,TRUE,mit
mattgodbolt,mattgodbolt/atuin,2024-01-14T20:26:55Z,1,1,,TRUE,TRUE,mit
mattgodbolt,mattgodbolt/avast-cpp-isnt-dead,2018-05-22T15:24:22Z,0,0,HTML,TRUE,TRUE,
mattgodbolt,mattgodbolt/bbc-micro-emulation,2014-06-17T03:55:09Z,5,5,HTML,TRUE,TRUE,
mattgodbolt,mattgodbolt/BBCMicroBot,2020-06-14T22:01:37Z,2,2,,TRUE,TRUE,gpl-3.0
mattgodbolt,mattgodbolt/be6502,2019-11-10T14:44:10Z,1,1,C++,TRUE,TRUE,
mattgodbolt,mattgodbolt/beebasm,2019-11-17T13:58:16Z,0,0,C++,TRUE,TRUE,gpl-3.0
mattgodbolt,mattgodbolt/beebide,2016-12-25T21:18:13Z,14,14,JavaScript,TRUE,TRUE,bsd-2-clause
mattgodbolt,mattgodbolt/blog,2015-02-07T22:04:55Z,4,4,Python,FALSE,FALSE,
mattgodbolt,mattgodbolt/carbon-lang,2022-07-19T19:26:23Z,0,0,,TRUE,TRUE,other
mattgodbolt,mattgodbolt/Catch,2015-10-20T01:25:15Z,1,1,C++,TRUE,TRUE,bsl-1.0
mattgodbolt,mattgodbolt/ccs-conan,2018-08-18T20:17:35Z,1,1,Python,TRUE,TRUE,
mattgodbolt,mattgodbolt/ccs-cpp,2013-08-01T18:32:49Z,1,1,C++,TRUE,TRUE,
mattgodbolt,mattgodbolt/ccs-js,2014-05-02T20:45:21Z,2,2,JavaScript,TRUE,TRUE,
mattgodbolt,mattgodbolt/CcsEclipse,2015-02-12T15:33:02Z,0,0,Java,TRUE,TRUE,
mattgodbolt,mattgodbolt/ce-behind-the-scenes,2019-03-24T22:19:27Z,5,5,HTML,TRUE,TRUE,
mattgodbolt,mattgodbolt/ce-cppcon-talk,2017-07-07T15:56:34Z,5,5,HTML,TRUE,TRUE,
mattgodbolt,mattgodbolt/ce-gh-stats,2023-09-21T01:43:58Z,0,0,Python,TRUE,TRUE,bsd-2-clause
mattgodbolt,mattgodbolt/ce-lightning,2017-02-28T00:22:00Z,3,3,CSS,TRUE,TRUE,other
mattgodbolt,mattgodbolt/CLK,2017-11-24T18:07:52Z,1,1,C++,TRUE,TRUE,mit
mattgodbolt,mattgodbolt/cmake-conan,2018-10-09T11:49:58Z,1,1,CMake,TRUE,TRUE,mit
mattgodbolt,mattgodbolt/conan,2018-10-09T18:31:22Z,0,0,Python,TRUE,FALSE,mit
mattgodbolt,mattgodbolt/conan-center-index,2020-08-02T23:57:51Z,0,0,Python,TRUE,TRUE,mit
mattgodbolt,mattgodbolt/conan-test,2018-10-12T02:53:20Z,5,5,CMake,TRUE,TRUE,
mattgodbolt,mattgodbolt/correct-by-construction,2020-01-23T00:35:40Z,20,20,HTML,TRUE,TRUE,
mattgodbolt,mattgodbolt/cppcon-bits-between-bits,2018-06-06T13:21:54Z,19,19,HTML,TRUE,TRUE,
mattgodbolt,mattgodbolt/cppnow-lightning,2018-05-14T19:22:13Z,0,0,HTML,TRUE,TRUE,
logankilpatrick,logankilpatrick/.github,2022-06-01T22:11:13Z,0,0,,TRUE,FALSE,
logankilpatrick,logankilpatrick/18S191,2020-09-01T14:40:26Z,0,0,,TRUE,TRUE,
logankilpatrick,logankilpatrick/1password-teams-open-source,2021-09-21T13:13:04Z,0,0,,TRUE,TRUE,
logankilpatrick,logankilpatrick/2023.djangocon.us,2022-10-20T18:02:31Z,0,0,,TRUE,TRUE,other
logankilpatrick,logankilpatrick/30-seconds-of-julia,2019-12-20T12:34:27Z,3,3,,TRUE,TRUE,cc0-1.0
logankilpatrick,logankilpatrick/30-seconds-of-python,2019-12-20T12:34:15Z,0,0,,TRUE,TRUE,cc0-1.0
logankilpatrick,logankilpatrick/aa228-notebook,2019-08-07T03:52:33Z,0,0,Jupyter Notebook,TRUE,TRUE,
logankilpatrick,logankilpatrick/AbstractPlotting.jl,2019-08-17T03:12:47Z,0,0,Julia,TRUE,TRUE,other
logankilpatrick,logankilpatrick/algebraicjulia.org,2020-10-27T02:07:55Z,0,0,,TRUE,TRUE,mit
logankilpatrick,logankilpatrick/Anova,2020-10-27T01:48:27Z,0,0,,TRUE,TRUE,
logankilpatrick,logankilpatrick/AppleInternshipContributionActivity,2019-08-31T01:49:53Z,1,1,,TRUE,TRUE,
logankilpatrick,logankilpatrick/argo-site,2022-06-06T14:40:51Z,0,0,,TRUE,TRUE,mit
logankilpatrick,logankilpatrick/argo-workflows,2022-06-06T14:51:36Z,0,0,,TRUE,FALSE,apache-2.0
logankilpatrick,logankilpatrick/astropy.github.com,2020-06-22T13:47:32Z,0,0,,TRUE,FALSE,bsd-3-clause
logankilpatrick,logankilpatrick/Augmentor.jl,2020-01-25T18:48:27Z,0,0,,TRUE,TRUE,other
logankilpatrick,logankilpatrick/autocomplete,2022-03-29T19:24:57Z,0,0,,TRUE,TRUE,mit
logankilpatrick,logankilpatrick/awesome-actions,2019-10-08T18:41:28Z,1,1,,TRUE,TRUE,cc0-1.0
logankilpatrick,logankilpatrick/Awesome-Black-Friday-Cyber-Monday,2022-11-27T00:06:20Z,0,0,,TRUE,TRUE,
logankilpatrick,logankilpatrick/Blink.jl,2019-09-06T11:59:35Z,0,0,Julia,TRUE,TRUE,other
logankilpatrick,logankilpatrick/BookTemplate,2021-11-11T15:35:31Z,0,0,,TRUE,FALSE,
logankilpatrick,logankilpatrick/CAPED-AI,2022-08-23T01:39:29Z,0,0,,TRUE,TRUE,
logankilpatrick,logankilpatrick/Catlab.jl,2020-10-27T02:07:20Z,0,0,,TRUE,FALSE,mit
logankilpatrick,logankilpatrick/ChatGPT-Plugins-Collection,2023-04-02T13:14:39Z,675,675,Julia,TRUE,TRUE,mit
logankilpatrick,logankilpatrick/ChatGPT-Simple,2023-03-30T17:18:15Z,370,370,HTML,TRUE,TRUE,mit
logankilpatrick,logankilpatrick/chipickleball.com,2022-08-01T14:26:17Z,0,0,CSS,TRUE,TRUE,mit
logankilpatrick,logankilpatrick/Clang.jl,2021-06-21T23:17:25Z,0,0,Julia,TRUE,FALSE,mit
logankilpatrick,logankilpatrick/cli,2023-01-13T22:56:04Z,0,0,,TRUE,FALSE,mit
logankilpatrick,logankilpatrick/Codecs.jl,2020-01-25T17:57:27Z,0,0,,TRUE,TRUE,other
logankilpatrick,logankilpatrick/codein,2019-12-12T20:46:11Z,0,0,,TRUE,TRUE,
logankilpatrick,logankilpatrick/Combinatorics.jl,2021-10-23T10:19:45Z,0,0,,TRUE,TRUE,other
khan4019,khan4019/adv-react-chicgo18,2018-11-10T16:03:55Z,2,2,JavaScript,TRUE,TRUE,
khan4019,khan4019/adv-react-redux-workshop,2018-11-09T23:55:29Z,2,2,JavaScript,TRUE,TRUE,
khan4019,khan4019/advJSDebug,2014-11-10T02:40:16Z,6,6,JavaScript,TRUE,TRUE,
khan4019,khan4019/android-POC,2018-04-01T21:20:25Z,2,2,Java,TRUE,TRUE,
khan4019,khan4019/androidTry,2014-02-09T22:08:06Z,2,2,Java,TRUE,TRUE,
khan4019,khan4019/angular-architecture,2019-04-30T16:13:16Z,1,1,TypeScript,TRUE,TRUE,
khan4019,khan4019/angular-bootstrap-nav-tree,2014-06-14T04:44:55Z,2,2,CoffeeScript,TRUE,TRUE,mit
khan4019,khan4019/angular-dynamic-locale,2016-04-05T16:26:43Z,1,1,JavaScript,TRUE,TRUE,mit
khan4019,khan4019/angular-interview-questions,2017-04-07T16:48:13Z,379,379,HTML,TRUE,TRUE,
khan4019,khan4019/angular-next-starter-kit,2016-09-06T18:31:26Z,1,1,TypeScript,TRUE,TRUE,
khan4019,khan4019/angular-training-beginner,2017-07-22T22:15:05Z,2,2,JavaScript,TRUE,TRUE,mit
khan4019,khan4019/angular2-website,2017-04-01T03:22:33Z,1,1,JavaScript,TRUE,TRUE,
khan4019,khan4019/angularPerf,2015-02-09T05:15:34Z,1,1,HTML,TRUE,TRUE,
khan4019,khan4019/angulartics-google-analytics,2015-10-23T12:49:06Z,1,1,HTML,TRUE,FALSE,mit
khan4019,khan4019/BanglaContent,2016-05-03T18:33:02Z,1,1,,TRUE,TRUE,
khan4019,khan4019/BangularBank,2017-03-26T17:07:23Z,4,4,TypeScript,TRUE,TRUE,
khan4019,khan4019/battery,2018-01-27T17:13:12Z,1,1,HTML,TRUE,TRUE,
khan4019,khan4019/betterThanAddyOsmani,2013-12-16T14:05:59Z,1,1,CSS,TRUE,TRUE,
khan4019,khan4019/bootstrap,2014-03-17T21:16:18Z,1,1,JavaScript,TRUE,TRUE,mit
khan4019,khan4019/Canvas,2013-09-12T23:40:15Z,1,1,,TRUE,TRUE,
khan4019,khan4019/car-race-python-game,2019-04-30T16:33:48Z,14,14,Python,TRUE,TRUE,
khan4019,khan4019/chrome-extension-demo,2013-08-14T19:28:26Z,1,1,CoffeeScript,TRUE,TRUE,
khan4019,khan4019/codinism,2018-08-08T00:10:42Z,3,3,HTML,TRUE,TRUE,
khan4019,khan4019/console,2015-08-29T22:53:49Z,2,2,JavaScript,TRUE,TRUE,
khan4019,khan4019/dc.js,2016-07-13T20:41:56Z,1,1,JavaScript,TRUE,TRUE,apache-2.0
khan4019,khan4019/demo27,2019-11-27T17:55:22Z,1,1,HTML,TRUE,TRUE,
khan4019,khan4019/developer-jokes,2018-07-01T15:34:02Z,3,3,,TRUE,TRUE,
khan4019,khan4019/devtools-animated-2016,2016-04-29T14:14:31Z,1,1,CSS,TRUE,TRUE,
khan4019,khan4019/documentjs,2012-06-14T23:19:58Z,2,2,JavaScript,TRUE,TRUE,
khan4019,khan4019/ema-john,2017-07-14T11:50:39Z,3,3,JavaScript,TRUE,TRUE,
adashofdata,adashofdata/bachelor_data,2022-08-31T17:26:13Z,1,1,,TRUE,TRUE,
adashofdata,adashofdata/intro-to-text-analytics,2018-09-20T15:53:23Z,103,103,Jupyter Notebook,TRUE,TRUE,
adashofdata,adashofdata/muffin-cupcake,2017-08-15T15:44:15Z,189,189,Jupyter Notebook,TRUE,TRUE,
adashofdata,adashofdata/nlp-in-python-tutorial,2018-07-24T15:48:27Z,1707,1707,Jupyter Notebook,TRUE,TRUE,
adashofdata,adashofdata/sql-crash-course,2022-01-07T22:27:35Z,34,34,,TRUE,TRUE,
adashofdata,adashofdata/taylor_swift_data,2023-02-28T03:46:59Z,51,51,Jupyter Notebook,TRUE,TRUE,
djspiewak,djspiewak/activeobjects,2009-02-12T06:49:21Z,10,10,Java,TRUE,TRUE,
djspiewak,djspiewak/anti-xml,2011-02-15T16:53:40Z,169,169,Scala,TRUE,TRUE,other
djspiewak,djspiewak/async-blobstore,2019-08-07T20:14:18Z,0,0,Scala,TRUE,TRUE,
djspiewak,djspiewak/async-runtime-benchmarks,2021-07-28T13:19:04Z,27,27,Scala,TRUE,TRUE,
djspiewak,djspiewak/backend.g8,2018-06-19T15:17:32Z,0,0,Shell,TRUE,FALSE,
djspiewak,djspiewak/base.g8,2016-11-16T21:44:34Z,8,8,Scala,TRUE,TRUE,
djspiewak,djspiewak/bloop,2023-06-09T16:47:30Z,1,1,,TRUE,FALSE,apache-2.0
djspiewak,djspiewak/blueeyes,2011-08-16T17:02:32Z,2,2,Scala,TRUE,TRUE,
djspiewak,djspiewak/buildr,2009-06-10T05:33:15Z,9,9,Ruby,TRUE,FALSE,apache-2.0
djspiewak,djspiewak/buildr-addons,2009-08-03T16:59:55Z,2,2,Ruby,TRUE,TRUE,
djspiewak,djspiewak/cats,2016-03-05T03:43:40Z,0,0,Scala,TRUE,TRUE,other
djspiewak,djspiewak/cats-collections,2016-03-04T16:19:00Z,0,0,Scala,TRUE,TRUE,other
djspiewak,djspiewak/cats-effect,2017-04-21T19:36:44Z,2,2,Scala,TRUE,TRUE,apache-2.0
djspiewak,djspiewak/cats-effect-cps,2021-06-13T14:39:23Z,0,0,Scala,TRUE,FALSE,apache-2.0
djspiewak,djspiewak/cats-mtl,2019-08-30T13:53:39Z,0,0,Scala,TRUE,FALSE,other
djspiewak,djspiewak/cats-parse,2021-01-18T21:22:50Z,1,1,Scala,TRUE,FALSE,mit
djspiewak,djspiewak/cats-tagless,2020-11-28T18:13:13Z,0,0,,TRUE,FALSE,apache-2.0
djspiewak,djspiewak/cccp,2011-11-10T04:21:42Z,119,119,Scala,TRUE,TRUE,
djspiewak,djspiewak/circe,2020-11-12T17:13:30Z,0,0,,TRUE,TRUE,apache-2.0
djspiewak,djspiewak/clojure-conj,2011-11-16T03:34:57Z,2,2,,TRUE,TRUE,
djspiewak,djspiewak/conscript,2016-12-28T00:55:12Z,0,0,Scala,TRUE,FALSE,
djspiewak,djspiewak/cont-exp,2017-03-22T22:08:23Z,7,7,Scala,TRUE,TRUE,
djspiewak,djspiewak/coop,2020-09-14T02:48:20Z,2,2,Scala,TRUE,FALSE,apache-2.0
djspiewak,djspiewak/coursier,2016-08-08T23:39:08Z,0,0,Scala,TRUE,TRUE,
djspiewak,djspiewak/dbpool,2008-11-05T22:46:03Z,5,5,Java,TRUE,TRUE,
djspiewak,djspiewak/derivative-combinators,2010-12-01T23:13:04Z,59,59,Scala,TRUE,TRUE,
djspiewak,djspiewak/devtools,2017-05-18T17:02:20Z,0,0,Shell,TRUE,TRUE,apache-2.0
djspiewak,djspiewak/discipline,2019-05-24T18:55:01Z,1,1,Scala,TRUE,FALSE,mit
djspiewak,djspiewak/discipline-munit,2020-11-05T22:30:59Z,0,0,Scala,TRUE,FALSE,
djspiewak,djspiewak/discipline-scalatest,2021-02-16T23:24:19Z,0,0,,TRUE,FALSE,mit
eddelbuettel,eddelbuettel/2015-08-21-nw,2015-07-11T14:58:09Z,1,1,Python,TRUE,TRUE,other
eddelbuettel,eddelbuettel/2016-11-01-chifed,2016-10-16T21:54:58Z,1,1,Python,TRUE,TRUE,other
eddelbuettel,eddelbuettel/2018-01-11-nber,2017-12-10T02:00:48Z,1,1,Python,TRUE,TRUE,other
eddelbuettel,eddelbuettel/adv-r,2013-11-28T21:50:50Z,1,1,R,TRUE,TRUE,
eddelbuettel,eddelbuettel/annoy,2014-11-09T14:11:32Z,0,0,C++,TRUE,TRUE,apache-2.0
eddelbuettel,eddelbuettel/AnomalyDetection,2015-05-11T15:45:14Z,3,3,R,TRUE,FALSE,gpl-3.0
eddelbuettel,eddelbuettel/anytime,2016-09-07T03:18:53Z,162,162,R,TRUE,TRUE,gpl-2.0
eddelbuettel,eddelbuettel/apollo13,2015-04-26T14:19:37Z,1,1,R,TRUE,TRUE,
eddelbuettel,eddelbuettel/arch,2022-08-23T21:33:15Z,4,4,C,TRUE,TRUE,other
eddelbuettel,eddelbuettel/armadillo,2022-09-09T11:58:50Z,0,0,C++,TRUE,TRUE,apache-2.0
eddelbuettel,eddelbuettel/arrow,2021-02-25T21:18:42Z,0,0,C++,TRUE,FALSE,apache-2.0
eddelbuettel,eddelbuettel/arrow-nanoarrow,2022-08-27T19:01:08Z,0,0,C,TRUE,FALSE,apache-2.0
eddelbuettel,eddelbuettel/asioheaders,2015-12-30T02:45:57Z,11,11,C++,TRUE,TRUE,
eddelbuettel,eddelbuettel/atakrig,2021-04-26T13:22:41Z,0,0,R,TRUE,TRUE,
eddelbuettel,eddelbuettel/awesome-quant,2021-06-05T13:31:26Z,1,1,Python,TRUE,TRUE,
eddelbuettel,eddelbuettel/background,2014-03-18T20:55:16Z,0,0,C,TRUE,TRUE,
eddelbuettel,eddelbuettel/badger,2019-01-09T02:04:52Z,0,0,R,TRUE,TRUE,
eddelbuettel,eddelbuettel/badges,2017-06-01T11:11:26Z,0,0,,TRUE,TRUE,
eddelbuettel,eddelbuettel/basad,2021-11-03T02:40:50Z,0,0,C++,TRUE,TRUE,
eddelbuettel,eddelbuettel/bbb,2017-12-03T22:02:36Z,0,0,R,TRUE,TRUE,
eddelbuettel,eddelbuettel/beancounter,2015-11-11T13:43:11Z,7,7,Perl,TRUE,TRUE,
eddelbuettel,eddelbuettel/BGVAR,2021-04-26T13:04:28Z,0,0,R,TRUE,TRUE,
eddelbuettel,eddelbuettel/bh,2014-01-01T18:06:12Z,84,84,C++,TRUE,TRUE,
eddelbuettel,eddelbuettel/biglasso,2021-06-10T18:18:36Z,0,0,C++,TRUE,TRUE,
eddelbuettel,eddelbuettel/bigmemory,2015-10-21T01:39:16Z,0,0,C++,TRUE,TRUE,
eddelbuettel,eddelbuettel/bigtabulate,2015-10-22T11:40:31Z,0,0,C++,TRUE,TRUE,other
eddelbuettel,eddelbuettel/binb,2018-09-15T14:02:02Z,189,189,TeX,TRUE,TRUE,
eddelbuettel,eddelbuettel/bioc-api-package,2022-06-16T20:22:06Z,0,0,,TRUE,TRUE,
eddelbuettel,eddelbuettel/BiocNeighbors,2020-11-10T23:08:33Z,0,0,R,TRUE,TRUE,
eddelbuettel,eddelbuettel/bit,2020-07-20T13:02:29Z,0,0,,TRUE,TRUE,
natemoo-re,natemoo-re/.github,2023-07-19T19:31:40Z,0,0,,TRUE,TRUE,
natemoo-re,natemoo-re/a11y-types,2018-05-17T13:35:57Z,2,2,TypeScript,TRUE,TRUE,
natemoo-re,natemoo-re/action-firebase,2019-01-06T22:57:14Z,0,0,HCL,TRUE,FALSE,mit
natemoo-re,natemoo-re/action-test,2024-01-29T20:19:11Z,1,1,TypeScript,TRUE,TRUE,
natemoo-re,natemoo-re/actions-playground,2021-11-27T13:36:13Z,1,1,Shell,TRUE,TRUE,
natemoo-re,natemoo-re/animate-presence,2020-02-14T19:30:23Z,104,104,TypeScript,TRUE,TRUE,mit
natemoo-re,natemoo-re/astexplorer,2022-10-25T01:39:28Z,0,0,,TRUE,FALSE,mit
natemoo-re,natemoo-re/astro,2021-11-14T21:19:56Z,6,6,TypeScript,TRUE,FALSE,other
natemoo-re,natemoo-re/astro-4260,2022-08-15T17:20:26Z,0,0,Astro,TRUE,TRUE,
natemoo-re,natemoo-re/astro-action-test-ii,2024-01-05T15:36:57Z,0,0,Astro,TRUE,TRUE,
natemoo-re,natemoo-re/astro-badge,2022-11-03T01:40:19Z,0,0,,TRUE,FALSE,
natemoo-re,natemoo-re/astro-beep,2022-09-03T18:05:26Z,6,6,JavaScript,TRUE,TRUE,
natemoo-re,natemoo-re/astro-breadcrumbs,2022-01-05T16:58:42Z,6,6,Astro,TRUE,TRUE,
natemoo-re,natemoo-re/astro-bundle-demo,2023-02-19T02:36:49Z,1,1,JavaScript,TRUE,TRUE,
natemoo-re,natemoo-re/astro-capo,2023-08-26T18:18:34Z,63,63,TypeScript,TRUE,TRUE,mit
natemoo-re,natemoo-re/astro-client-hints,2023-08-17T00:40:14Z,9,9,TypeScript,TRUE,TRUE,
natemoo-re,natemoo-re/astro-demo,2021-05-21T00:12:19Z,0,0,,TRUE,TRUE,
natemoo-re,natemoo-re/astro-demo-named-slots,2022-06-24T18:33:48Z,1,1,Astro,TRUE,TRUE,
natemoo-re,natemoo-re/astro-dev-plugin-sample,2023-11-28T18:29:12Z,1,1,Astro,TRUE,TRUE,mit
natemoo-re,natemoo-re/astro-eleventy-img,2022-06-22T15:29:45Z,1,1,,TRUE,TRUE,mit
natemoo-re,natemoo-re/astro-form,2022-08-16T19:04:13Z,7,7,Astro,TRUE,TRUE,
natemoo-re,natemoo-re/astro-gh-pages-test,2022-08-07T22:00:25Z,1,1,Astro,TRUE,TRUE,
natemoo-re,natemoo-re/astro-icon,2021-12-04T18:06:32Z,1092,1092,MDX,TRUE,TRUE,other
natemoo-re,natemoo-re/astro-image-ssr-reproduction,2023-08-22T19:05:26Z,0,0,Astro,TRUE,TRUE,
natemoo-re,natemoo-re/astro-import-arrow-fn-repro,2021-10-29T03:50:12Z,0,0,JavaScript,TRUE,TRUE,
natemoo-re,natemoo-re/astro-minimal,2021-10-29T03:57:24Z,1,1,JavaScript,TRUE,TRUE,
natemoo-re,natemoo-re/astro-php,2022-08-11T12:31:05Z,44,44,JavaScript,TRUE,TRUE,other
natemoo-re,natemoo-re/astro-plastic,2023-09-26T20:29:27Z,2,2,Astro,TRUE,FALSE,mit
natemoo-re,natemoo-re/astro-playground,2022-06-09T17:01:44Z,1,1,TypeScript,TRUE,TRUE,
natemoo-re,natemoo-re/astro-react-monorepo-bug,2023-08-09T20:55:38Z,0,0,TypeScript,TRUE,TRUE,
lexi-lambda,lexi-lambda/advent-of-code-2015,2015-12-05T19:39:16Z,0,0,Racket,TRUE,TRUE,
lexi-lambda,lexi-lambda/alexis-collection-lens,2015-07-07T14:13:28Z,3,3,Racket,TRUE,TRUE,
lexi-lambda,lexi-lambda/amazonka,2017-06-01T22:22:14Z,0,0,Haskell,TRUE,FALSE,other
lexi-lambda,lexi-lambda/angular-workshop,2015-07-04T08:20:10Z,0,0,Ruby,TRUE,TRUE,
lexi-lambda,lexi-lambda/atom,2019-08-23T13:50:27Z,0,0,JavaScript,TRUE,FALSE,mit
lexi-lambda,lexi-lambda/atom-languageclient,2019-07-02T15:48:27Z,0,0,TypeScript,TRUE,TRUE,mit
lexi-lambda,lexi-lambda/aws-cloudformation-template,2017-01-14T02:55:34Z,4,4,Racket,TRUE,TRUE,
lexi-lambda,lexi-lambda/blackboard,2021-12-15T11:51:40Z,54,54,Racket,TRUE,TRUE,
lexi-lambda,lexi-lambda/cabal,2023-10-23T21:12:12Z,0,0,,TRUE,TRUE,other
lexi-lambda,lexi-lambda/call-stack,2016-11-28T23:04:51Z,0,0,Haskell,TRUE,TRUE,mit
lexi-lambda,lexi-lambda/case-kw-lambda,2023-02-13T18:01:59Z,11,11,Racket,TRUE,TRUE,isc
lexi-lambda,lexi-lambda/clojure-fuzzy-urls,2015-04-14T02:22:23Z,5,5,Clojure,TRUE,TRUE,
lexi-lambda,lexi-lambda/ClothCommand,2011-06-03T23:25:20Z,0,0,Java,TRUE,TRUE,
lexi-lambda,lexi-lambda/collections-lens,2015-12-13T00:47:17Z,3,3,Racket,TRUE,TRUE,
lexi-lambda,lexi-lambda/country,2023-01-19T18:54:38Z,0,0,,TRUE,TRUE,bsd-3-clause
lexi-lambda,lexi-lambda/cyanotype,2015-08-08T06:58:21Z,0,0,CSS,TRUE,TRUE,
lexi-lambda,lexi-lambda/data,2023-03-31T03:30:06Z,0,0,,TRUE,TRUE,other
lexi-lambda,lexi-lambda/db,2017-02-13T06:18:14Z,0,0,Racket,TRUE,TRUE,
lexi-lambda,lexi-lambda/decontaminate,2015-10-16T21:20:14Z,3,3,Ruby,TRUE,TRUE,isc
lexi-lambda,lexi-lambda/docker-factorio,2016-04-06T03:23:52Z,0,0,Shell,TRUE,TRUE,mit
lexi-lambda,lexi-lambda/dotfiles,2016-01-15T05:41:14Z,8,8,Racket,TRUE,TRUE,
lexi-lambda,lexi-lambda/draw,2018-06-26T18:17:33Z,0,0,Racket,TRUE,TRUE,other
lexi-lambda,lexi-lambda/drracket,2019-04-10T15:43:58Z,0,0,Racket,TRUE,TRUE,
lexi-lambda,lexi-lambda/dyson-sphere-program-blueprints,2023-10-31T08:48:23Z,0,0,,TRUE,TRUE,
lexi-lambda,lexi-lambda/EDDN,2020-09-28T19:22:48Z,0,0,,TRUE,TRUE,bsd-3-clause
lexi-lambda,lexi-lambda/eff,2022-04-04T03:09:31Z,124,124,Haskell,TRUE,TRUE,isc
lexi-lambda,lexi-lambda/either,2016-02-24T00:19:11Z,0,0,Haskell,TRUE,TRUE,other
lexi-lambda,lexi-lambda/ekg,2019-05-27T18:52:56Z,0,0,JavaScript,TRUE,TRUE,bsd-3-clause
lexi-lambda,lexi-lambda/electron-4.x-font-smoothing-repro,2019-08-27T01:30:15Z,0,0,JavaScript,TRUE,TRUE,
lexi-lambda,lexi-lambda/envy,2015-08-30T02:25:31Z,17,17,Racket,TRUE,TRUE,
neodigm,neodigm/a17t,2020-05-15T16:57:07Z,1,1,,TRUE,FALSE,mit
neodigm,neodigm/a4s,2024-07-29T23:53:33Z,0,0,JavaScript,TRUE,TRUE,
neodigm,neodigm/abbv_chart_lab,2022-02-07T22:05:30Z,1,1,HTML,TRUE,TRUE,
neodigm,neodigm/account,2020-05-15T22:59:11Z,1,1,,TRUE,FALSE,mit
neodigm,neodigm/accucontax,2019-06-04T01:43:29Z,5,5,Vue,TRUE,TRUE,bsd-3-clause
neodigm,neodigm/airport-codes,2020-05-17T00:55:05Z,1,1,,TRUE,TRUE,
neodigm,neodigm/amperage,2020-04-28T13:19:35Z,1,1,,TRUE,TRUE,mit
neodigm,neodigm/angle,2020-05-02T20:17:31Z,2,2,,TRUE,FALSE,other
neodigm,neodigm/Animatum,2020-05-04T14:53:41Z,1,1,,TRUE,TRUE,
neodigm,neodigm/Anime-Generation,2020-06-16T19:32:13Z,1,1,,TRUE,TRUE,
neodigm,neodigm/api-marketplace,2020-05-20T04:17:10Z,1,1,,TRUE,TRUE,
neodigm,neodigm/arcanus55_virtual_keyboard_chrome_extention,2018-11-01T16:36:19Z,1,1,JavaScript,TRUE,TRUE,bsd-2-clause
neodigm,neodigm/arcanus55_virtual_keyboard_documents,2020-05-06T16:57:17Z,1,1,,TRUE,TRUE,bsd-2-clause
neodigm,neodigm/arcanus55_virtual_keyboard_for_websites,2019-04-23T11:43:59Z,1,1,,TRUE,TRUE,bsd-2-clause
neodigm,neodigm/ascii,2020-05-09T03:44:19Z,1,1,,TRUE,TRUE,
neodigm,neodigm/AsmFlappyBird,2020-05-21T17:50:11Z,1,1,,TRUE,TRUE,
neodigm,neodigm/async-ray,2020-05-21T19:15:30Z,1,1,,TRUE,TRUE,mit
neodigm,neodigm/awesome-actions,2020-05-17T16:06:58Z,1,1,,TRUE,TRUE,cc0-1.0
neodigm,neodigm/awesome-baremetal,2020-04-30T14:54:10Z,1,1,,TRUE,FALSE,mit
neodigm,neodigm/awesome-dev-podcasts,2020-05-22T14:58:06Z,2,2,,TRUE,TRUE,
neodigm,neodigm/awesome-kubernetes,2020-05-04T20:37:17Z,1,1,,TRUE,TRUE,other
neodigm,neodigm/awesome-pion,2020-04-21T16:52:07Z,1,1,,TRUE,TRUE,
neodigm,neodigm/awesome-starless,2020-07-09T02:13:29Z,1,1,,TRUE,TRUE,
neodigm,neodigm/awesome-vue,2020-04-06T20:49:25Z,1,1,,TRUE,FALSE,mit
neodigm,neodigm/awesome-webrtc,2020-05-06T15:53:19Z,1,1,,TRUE,TRUE,mit
neodigm,neodigm/Babylon.js,2020-07-14T21:09:00Z,2,2,,TRUE,FALSE,other
neodigm,neodigm/BackstopJS,2020-06-15T10:58:40Z,1,1,,TRUE,TRUE,mit
neodigm,neodigm/bdcoma-cg,2020-06-15T14:45:17Z,1,1,,TRUE,TRUE,other
neodigm,neodigm/beehive,2020-05-05T16:09:20Z,1,1,,TRUE,TRUE,agpl-3.0
neodigm,neodigm/beekeeper-studio,2020-05-27T14:32:50Z,1,1,,TRUE,TRUE,mit
rentzsch,rentzsch/access-date,2009-10-04T08:51:13Z,2,2,C,TRUE,TRUE,
rentzsch,rentzsch/ansible-minimal-ec2-xenial,2016-10-14T01:11:56Z,0,0,Shell,TRUE,TRUE,
rentzsch,rentzsch/Array.tsort.js,2009-09-12T16:40:43Z,0,0,JavaScript,TRUE,TRUE,
rentzsch,rentzsch/atomicity,2015-02-06T05:10:54Z,5,5,C,TRUE,TRUE,
rentzsch,rentzsch/AutoLayoutShorthand,2013-04-22T22:59:47Z,355,355,Objective-C,TRUE,TRUE,
rentzsch,rentzsch/bdalias,2009-04-19T21:11:24Z,38,38,Objective-C,TRUE,TRUE,
rentzsch,rentzsch/BillingsCal,2011-02-12T13:51:59Z,6,6,Objective-C,TRUE,TRUE,
rentzsch,rentzsch/Blitz,2009-06-28T21:44:00Z,32,32,Objective-C,TRUE,FALSE,
rentzsch,rentzsch/BlockStep,2011-04-28T08:38:06Z,21,21,Objective-C,TRUE,TRUE,
rentzsch,rentzsch/burndeck,2009-04-20T16:56:03Z,3,3,Objective-C,TRUE,FALSE,
rentzsch,rentzsch/CALayer-jr_UIColor,2013-04-11T18:01:40Z,4,4,Objective-C,TRUE,TRUE,
rentzsch,rentzsch/cappuccino,2010-06-05T19:31:43Z,2,2,Objective-J,TRUE,TRUE,lgpl-2.1
rentzsch,rentzsch/catchr,2017-03-20T21:57:09Z,4,4,JavaScript,TRUE,TRUE,
rentzsch,rentzsch/clicktoflash,2009-01-27T04:43:06Z,714,714,Objective-C,TRUE,TRUE,
rentzsch,rentzsch/clonedrive,2013-05-23T20:18:36Z,26,26,C,TRUE,TRUE,
rentzsch,rentzsch/cocoagit,2009-07-16T19:15:14Z,8,8,C,TRUE,TRUE,mit
rentzsch,rentzsch/CodaAutosaveOnDeactivate,2009-05-31T01:00:31Z,19,19,C,TRUE,FALSE,
rentzsch,rentzsch/ComplimentKit,2013-01-21T05:04:45Z,12,12,,TRUE,TRUE,
rentzsch,rentzsch/CoreData-JRExtensions,2011-03-28T08:52:43Z,10,10,Objective-C,TRUE,TRUE,
rentzsch,rentzsch/CoreEndian-RuntimeTarget,2011-06-26T18:40:54Z,2,2,C,TRUE,TRUE,
rentzsch,rentzsch/criu,2015-09-30T16:08:23Z,0,0,C,TRUE,TRUE,other
rentzsch,rentzsch/dbslayer,2010-05-02T01:36:44Z,2,2,JavaScript,TRUE,TRUE,apache-2.0
rentzsch,rentzsch/DCTCoreDataStack,2014-03-04T21:04:56Z,1,1,Objective-C,TRUE,TRUE,
rentzsch,rentzsch/ddcli,2013-07-22T00:40:31Z,4,4,Objective-C,TRUE,TRUE,mit
rentzsch,rentzsch/deno_combined_log_format,2022-11-21T22:29:14Z,0,0,TypeScript,TRUE,TRUE,mit
rentzsch,rentzsch/do-dns,2022-01-10T05:04:35Z,1,1,TypeScript,TRUE,TRUE,
rentzsch,rentzsch/docker-apache-webobjects,2016-10-21T02:31:31Z,1,1,,TRUE,TRUE,
rentzsch,rentzsch/docker-node-lts-slim-yarn,2017-02-08T21:07:36Z,0,0,,TRUE,TRUE,
rentzsch,rentzsch/docker-webobjects,2016-10-21T01:37:04Z,4,4,,TRUE,TRUE,
rentzsch,rentzsch/docker-webobjects-wotaskd,2016-10-21T02:00:08Z,3,3,,TRUE,TRUE,
HFTrader,HFTrader/abseil-cpp,2021-10-09T01:30:17Z,0,0,C++,TRUE,FALSE,apache-2.0
HFTrader,HFTrader/ascom-jolo-focuser,2015-06-05T05:31:27Z,0,0,HTML,TRUE,TRUE,
HFTrader,HFTrader/asm-reverser,2020-05-14T18:04:21Z,0,0,Assembly,TRUE,TRUE,mit
HFTrader,HFTrader/AssemblyTales,2022-01-01T20:58:53Z,17,17,C++,TRUE,TRUE,apache-2.0
HFTrader,HFTrader/awesome-bash-one-liners,2016-05-14T14:24:56Z,0,0,Shell,TRUE,TRUE,mit
HFTrader,HFTrader/awesome-free-deep-learning-papers,2016-06-03T15:39:48Z,346,346,,TRUE,TRUE,
HFTrader,HFTrader/awesome-machine-learning,2015-06-03T19:26:34Z,83,83,Python,TRUE,TRUE,cc0-1.0
HFTrader,HFTrader/awesome-modern-cpp,2016-03-31T20:08:24Z,48,48,HTML,TRUE,TRUE,
HFTrader,HFTrader/awesome-programming-resources,2021-12-07T10:04:59Z,59,59,,TRUE,TRUE,gpl-3.0
HFTrader,HFTrader/aws-fpga,2017-01-19T04:37:21Z,0,0,VHDL,TRUE,TRUE,
HFTrader,HFTrader/aws-fpga-1,2017-10-28T03:24:13Z,0,0,VHDL,TRUE,FALSE,other
HFTrader,HFTrader/aws-sdk-cpp,2022-05-10T16:08:46Z,0,0,,TRUE,TRUE,apache-2.0
HFTrader,HFTrader/BazelCustomToolchain,2017-05-16T04:17:16Z,0,0,Python,TRUE,TRUE,gpl-3.0
HFTrader,HFTrader/benchmark,2023-03-01T21:29:07Z,2,2,C++,TRUE,FALSE,apache-2.0
HFTrader,HFTrader/BenchmarkingTutorial,2022-03-12T23:30:39Z,2,2,,TRUE,FALSE,
HFTrader,HFTrader/binder,2020-08-11T11:45:18Z,0,0,C++,TRUE,TRUE,mit
HFTrader,HFTrader/BleedingEdge,2015-06-01T16:23:24Z,5,5,Python,TRUE,TRUE,lgpl-2.1
HFTrader,HFTrader/boomerang,2016-05-08T15:06:05Z,0,0,C++,TRUE,TRUE,other
HFTrader,HFTrader/boost,2016-04-10T01:39:11Z,0,0,HTML,TRUE,TRUE,bsl-1.0
HFTrader,HFTrader/bruteforce-salted-openssl,2023-01-01T06:15:07Z,0,0,C,TRUE,FALSE,other
HFTrader,HFTrader/carbon-lang,2022-07-24T01:35:26Z,0,0,C++,TRUE,TRUE,other
HFTrader,HFTrader/clang-tutor,2023-09-26T19:00:28Z,0,0,,TRUE,TRUE,unlicense
HFTrader,HFTrader/ClangASTPrinter,2017-05-12T02:23:58Z,3,3,C++,TRUE,TRUE,gpl-3.0
HFTrader,HFTrader/Code-used-on-Daniel-Lemire-s-blog,2022-09-15T14:43:05Z,1,1,C,TRUE,TRUE,
HFTrader,HFTrader/common,2015-07-17T07:13:14Z,0,0,C++,TRUE,FALSE,
HFTrader,HFTrader/conan-center-index,2020-06-20T07:03:17Z,0,0,,TRUE,TRUE,mit
HFTrader,HFTrader/conan-openscenegraph,2020-06-20T07:09:16Z,0,0,Python,TRUE,FALSE,mit
HFTrader,HFTrader/conda-recipes,2015-06-05T11:53:14Z,0,0,Shell,TRUE,TRUE,other
HFTrader,HFTrader/CPPAsteroids,2023-06-13T00:41:23Z,0,0,,TRUE,TRUE,
HFTrader,HFTrader/cppinsights,2019-02-18T01:33:31Z,0,0,C++,TRUE,TRUE,mit
JimLiu,JimLiu/3b1b-captions,2024-04-02T21:00:54Z,0,0,TypeScript,TRUE,FALSE,
JimLiu,JimLiu/AirpodsBattery-Monitor-For-Mac,2020-12-20T23:05:57Z,0,0,,TRUE,TRUE,mit
JimLiu,JimLiu/alt-tab-macos,2024-05-25T21:29:11Z,0,0,,TRUE,TRUE,gpl-3.0
JimLiu,JimLiu/androidtool-mac,2018-05-12T04:45:17Z,0,0,Swift,TRUE,TRUE,apache-2.0
JimLiu,JimLiu/angular-markdown-editor,2014-02-19T17:57:19Z,46,46,JavaScript,TRUE,TRUE,mit
JimLiu,JimLiu/angular-seed,2014-03-13T11:04:26Z,1,1,JavaScript,TRUE,TRUE,mit
JimLiu,JimLiu/angular-ui-gridster,2014-05-09T16:44:26Z,5,5,JavaScript,TRUE,TRUE,mit
JimLiu,JimLiu/APPLE-TV-4K-Downloader,2022-01-02T05:31:29Z,1,1,,TRUE,TRUE,
JimLiu,JimLiu/AppPngDecoder,2012-03-11T15:20:49Z,6,6,,TRUE,TRUE,
JimLiu,JimLiu/architecture-case-study,2021-02-21T18:44:05Z,0,0,,TRUE,TRUE,
JimLiu,JimLiu/arex,2017-11-25T07:00:50Z,0,0,JavaScript,TRUE,TRUE,bsd-2-clause
JimLiu,JimLiu/asptools,2016-04-12T16:47:54Z,0,0,C++,TRUE,TRUE,
JimLiu,JimLiu/AssetCatalogTinkerer,2018-01-06T20:26:28Z,0,0,Objective-C,TRUE,TRUE,bsd-2-clause
JimLiu,JimLiu/atom-state,2020-06-06T16:01:59Z,5,5,TypeScript,TRUE,TRUE,mit
JimLiu,JimLiu/auto-link,2015-06-11T19:00:31Z,5,5,JavaScript,TRUE,TRUE,mit
JimLiu,JimLiu/awesome-leading-and-managing,2022-03-02T23:10:16Z,0,0,,TRUE,TRUE,
JimLiu,JimLiu/aws-amplify-quick-notes,2021-06-18T06:36:48Z,0,0,,TRUE,TRUE,mit-0
JimLiu,JimLiu/bbcode-to-react,2016-10-28T02:16:51Z,24,24,JavaScript,TRUE,TRUE,mit
JimLiu,JimLiu/beekeeper-studio,2020-05-08T17:23:00Z,0,0,,TRUE,TRUE,mit
JimLiu,JimLiu/black-screen,2015-09-15T05:21:17Z,0,0,JavaScript,TRUE,TRUE,mit
JimLiu,JimLiu/Bob,2022-04-22T18:37:03Z,0,0,,TRUE,FALSE,
JimLiu,JimLiu/Boostnote,2017-12-21T22:41:02Z,0,0,JavaScript,TRUE,TRUE,other
JimLiu,JimLiu/cal.com,2022-04-02T01:50:02Z,0,0,,TRUE,FALSE,other
JimLiu,JimLiu/carbon,2018-01-24T02:36:46Z,0,0,JavaScript,TRUE,TRUE,mit
JimLiu,JimLiu/ChatGPT-Next-Web,2023-05-31T02:46:35Z,1,1,TypeScript,TRUE,FALSE,other
JimLiu,JimLiu/chinese-dos-games,2018-09-11T14:42:28Z,0,0,JavaScript,TRUE,TRUE,gpl-3.0
JimLiu,JimLiu/chinese-xinhua,2020-07-12T17:27:38Z,0,0,,TRUE,TRUE,mit
JimLiu,JimLiu/chineseocr_lite,2020-03-23T16:54:41Z,0,0,,TRUE,TRUE,gpl-2.0
JimLiu,JimLiu/clarity,2021-11-04T04:00:20Z,0,0,TypeScript,TRUE,TRUE,mit
JimLiu,JimLiu/ClosestPair,2015-10-28T00:14:15Z,0,0,C#,TRUE,TRUE,apache-2.0
jcs,jcs/0x0,2021-01-21T05:55:12Z,2,2,,TRUE,FALSE,eupl-1.2
jcs,jcs/adafruit_fourscreen,2015-02-06T06:15:51Z,1,1,Ruby,TRUE,TRUE,
jcs,jcs/adium-pipeevent,2010-12-28T07:11:59Z,18,18,Objective-C,TRUE,FALSE,other
jcs,jcs/ansiterm,2011-09-20T03:32:44Z,68,68,Shell,TRUE,TRUE,other
jcs,jcs/arduboy-1010,2018-10-23T00:41:33Z,6,6,C++,TRUE,TRUE,other
jcs,jcs/arduino-pico,2023-05-22T15:07:52Z,0,0,,TRUE,FALSE,lgpl-2.1
jcs,jcs/audacious,2019-12-13T22:59:13Z,1,1,,TRUE,FALSE,other
jcs,jcs/blueping,2009-05-06T06:19:10Z,17,17,C,TRUE,FALSE,
jcs,jcs/bootstrap-form,2012-02-25T19:12:06Z,1,1,Ruby,TRUE,FALSE,
jcs,jcs/chibug.org,2019-01-28T02:20:16Z,3,3,CSS,FALSE,FALSE,
jcs,jcs/chronosync,2021-10-01T17:46:31Z,0,0,C,TRUE,TRUE,isc
jcs,jcs/classic-mac-fonts,2023-01-19T15:20:02Z,25,25,,TRUE,TRUE,
jcs,jcs/cmus,2018-07-05T20:59:17Z,2,2,C,TRUE,TRUE,gpl-2.0
jcs,jcs/cvs-loginfo,2010-01-03T19:18:06Z,0,0,Perl,TRUE,TRUE,
jcs,jcs/cyw43-driver,2023-05-23T20:30:03Z,0,0,C,TRUE,FALSE,other
jcs,jcs/dotfiles,2009-09-07T16:33:10Z,138,138,Vim Script,FALSE,FALSE,
jcs,jcs/eap_parrot,2019-03-15T15:17:34Z,0,0,Go,FALSE,FALSE,gpl-3.0
jcs,jcs/endless,2014-12-08T08:23:35Z,263,263,Objective-C,TRUE,FALSE,other
jcs,jcs/esp-quick-toolchain,2021-06-17T18:15:05Z,0,0,Makefile,TRUE,TRUE,
jcs,jcs/eyetunes,2010-10-19T04:16:43Z,4,4,Ruby,TRUE,TRUE,
jcs,jcs/fastmail-ldap,2019-02-07T02:53:38Z,1,1,Perl,TRUE,TRUE,
jcs,jcs/FrogFind,2021-04-10T17:53:19Z,0,0,PHP,TRUE,TRUE,gpl-3.0
jcs,jcs/garbagefm,2022-09-29T14:38:26Z,3,3,PHP,FALSE,FALSE,isc
jcs,jcs/gd2-ffij,2020-07-12T19:03:09Z,0,0,Ruby,TRUE,TRUE,other
jcs,jcs/gnome-pushover-messages-unofficial,2022-10-20T21:16:43Z,0,0,JavaScript,TRUE,TRUE,gpl-3.0
jcs,jcs/go-crypto,2017-03-23T16:31:01Z,0,0,Go,TRUE,FALSE,bsd-3-clause
jcs,jcs/halfmoon,2010-01-13T22:14:55Z,14,14,PHP,TRUE,TRUE,other
jcs,jcs/ical_forecast,2017-09-07T23:53:22Z,0,0,Ruby,TRUE,TRUE,other
jcs,jcs/id3-go,2017-05-25T20:37:19Z,3,3,Go,FALSE,FALSE,mit
jcs,jcs/imapbiff,2010-01-03T18:58:06Z,0,0,Ruby,TRUE,TRUE,
jbranchaud,jbranchaud/2016,2016-01-16T23:01:56Z,2,2,,TRUE,TRUE,
jbranchaud,jbranchaud/2019-bookshelf,2020-01-10T02:27:10Z,2,2,JavaScript,TRUE,TRUE,
jbranchaud,jbranchaud/advent-of-code-2020,2020-12-12T21:30:39Z,2,2,Ruby,TRUE,TRUE,
jbranchaud,jbranchaud/advent-spiral,2020-11-22T18:34:42Z,1,1,JavaScript,TRUE,TRUE,
jbranchaud,jbranchaud/arc,2016-09-17T03:38:58Z,0,0,Elixir,TRUE,TRUE,
jbranchaud,jbranchaud/astro-joshbranchaud.com,2024-10-12T02:47:37Z,0,0,Astro,TRUE,TRUE,
jbranchaud,jbranchaud/atom-prose,2014-02-28T00:52:20Z,0,0,CoffeeScript,TRUE,TRUE,mit
jbranchaud,jbranchaud/atom-search,2014-03-09T02:26:15Z,8,8,CoffeeScript,TRUE,TRUE,mit
jbranchaud,jbranchaud/awesome,2018-05-11T19:45:31Z,1,1,,TRUE,FALSE,
jbranchaud,jbranchaud/awesome-postgres,2016-02-15T19:24:45Z,0,0,,TRUE,TRUE,cc0-1.0
jbranchaud,jbranchaud/awesome-react-design-systems,2018-05-10T14:22:48Z,873,873,,TRUE,TRUE,cc0-1.0
jbranchaud,jbranchaud/babou,2013-06-18T23:07:53Z,1,1,Java,TRUE,TRUE,
jbranchaud,jbranchaud/basic-ls-reason-native,2018-06-27T18:42:12Z,0,0,C++,TRUE,TRUE,
jbranchaud,jbranchaud/blog,2013-01-11T01:54:28Z,11,11,HTML,TRUE,TRUE,mit
jbranchaud,jbranchaud/blog.joshbranchaud.com,2019-04-13T21:24:51Z,1,1,JavaScript,TRUE,TRUE,mit
jbranchaud,jbranchaud/bsb-native,2018-07-29T16:55:37Z,0,0,OCaml,TRUE,TRUE,other
jbranchaud,jbranchaud/budgetal,2015-12-12T17:34:11Z,1,1,HTML,TRUE,TRUE,
jbranchaud,jbranchaud/captionss,2014-01-14T23:47:49Z,66,66,CSS,TRUE,TRUE,mit
jbranchaud,jbranchaud/circles-reason-native,2018-08-19T15:14:36Z,0,0,OCaml,TRUE,TRUE,
jbranchaud,jbranchaud/cities,2018-10-29T16:45:23Z,1,1,JavaScript,TRUE,FALSE,
jbranchaud,jbranchaud/clj-math-app,2015-11-23T02:46:20Z,0,0,Clojure,TRUE,TRUE,
jbranchaud,jbranchaud/collectivo,2017-07-23T01:03:34Z,0,0,JavaScript,TRUE,TRUE,
jbranchaud,jbranchaud/comfortably_enum,2016-07-02T20:51:35Z,0,0,Elixir,TRUE,TRUE,
jbranchaud,jbranchaud/command-args-reason-native,2018-06-29T02:24:13Z,0,0,OCaml,TRUE,TRUE,
jbranchaud,jbranchaud/commitart,2013-06-06T01:16:13Z,102,102,Ruby,TRUE,TRUE,mit
jbranchaud,jbranchaud/content,2018-04-25T15:01:04Z,0,0,,TRUE,TRUE,
jbranchaud,jbranchaud/course-builder,2023-12-19T17:45:45Z,0,0,,TRUE,FALSE,mit
jbranchaud,jbranchaud/create-react-app,2017-10-19T16:39:16Z,0,0,JavaScript,TRUE,TRUE,mit
jbranchaud,jbranchaud/credo,2016-11-17T01:15:27Z,0,0,Elixir,TRUE,TRUE,mit
jbranchaud,jbranchaud/custom-react-scripts,2017-07-17T01:32:38Z,0,0,JavaScript,TRUE,TRUE,
basecamp,basecamp/accessibility,2019-06-17T19:08:38Z,7,7,,FALSE,FALSE,
basecamp,basecamp/action_profiler,2009-01-29T22:02:17Z,75,75,Ruby,TRUE,FALSE,mit
basecamp,basecamp/activejob-stats,2020-03-04T02:24:03Z,3,3,Ruby,TRUE,TRUE,mit
basecamp,basecamp/activeresource,2021-12-22T15:54:35Z,1,1,Ruby,TRUE,TRUE,mit
basecamp,basecamp/activestorage-office-previewer,2019-12-04T12:52:03Z,78,78,Ruby,FALSE,FALSE,mit
basecamp,basecamp/AloeStackView,2021-08-13T00:56:38Z,0,0,,TRUE,FALSE,apache-2.0
basecamp,basecamp/ambassador,2018-05-31T03:53:20Z,0,0,Python,TRUE,FALSE,apache-2.0
basecamp,basecamp/ansible,2017-11-09T21:50:56Z,0,0,Python,TRUE,FALSE,gpl-3.0
basecamp,basecamp/ansible_thanos,2021-07-15T10:09:36Z,0,0,Jinja,TRUE,TRUE,mit
basecamp,basecamp/api,2012-05-18T19:02:23Z,200,200,,TRUE,FALSE,
basecamp,basecamp/assets-redirect,2024-04-18T16:11:20Z,2,2,Ruby,TRUE,TRUE,mit
basecamp,basecamp/audits1984,2021-08-10T06:05:03Z,348,348,Ruby,TRUE,TRUE,mit
basecamp,basecamp/aws-s3,2010-06-17T15:53:24Z,36,36,Ruby,TRUE,FALSE,mit
basecamp,basecamp/aws-sdk-ruby,2019-04-23T18:59:02Z,1,1,Ruby,TRUE,FALSE,other
basecamp,basecamp/backpack-api,2012-05-22T20:17:24Z,21,21,Ruby,TRUE,FALSE,
basecamp,basecamp/basecamp-classic-api,2012-05-18T21:18:07Z,91,91,,TRUE,FALSE,
basecamp,basecamp/bc3-api,2015-10-26T20:21:03Z,515,515,,TRUE,FALSE,
basecamp,basecamp/bc3-integrations,2016-07-20T17:58:02Z,88,88,Ruby,TRUE,FALSE,
basecamp,basecamp/bcx-api,2012-03-24T09:45:34Z,670,670,,TRUE,FALSE,
basecamp,basecamp/build_ruby,2016-11-18T17:10:16Z,8,8,Go,TRUE,FALSE,mit
basecamp,basecamp/bundler,2023-09-26T07:46:20Z,0,0,,TRUE,FALSE,mit
basecamp,basecamp/bundler-audit,2020-01-03T17:59:09Z,0,0,,TRUE,FALSE,gpl-3.0
basecamp,basecamp/cached_externals,2008-10-30T15:45:22Z,100,100,Ruby,TRUE,FALSE,mit
basecamp,basecamp/campfire-api,2012-05-22T18:35:44Z,103,103,,TRUE,FALSE,
basecamp,basecamp/campfire-bot-kit,2024-02-12T17:54:43Z,47,47,Ruby,TRUE,TRUE,
basecamp,basecamp/campfire_export,2017-04-04T19:09:20Z,0,0,Ruby,TRUE,FALSE,apache-2.0
basecamp,basecamp/capistrano,2008-10-30T19:25:26Z,41,41,Ruby,TRUE,FALSE,
basecamp,basecamp/capybara_accessible_selectors,2020-09-15T20:18:08Z,1,1,Ruby,TRUE,TRUE,isc
basecamp,basecamp/cgif,2022-04-28T16:44:04Z,0,0,,TRUE,TRUE,mit
basecamp,basecamp/cleversafe,2013-02-21T17:52:40Z,7,7,Ruby,TRUE,FALSE,
SciSharp,SciSharp/arrayfire-dotnet,2019-02-23T17:38:52Z,6,6,C#,TRUE,TRUE,bsd-3-clause
SciSharp,SciSharp/Bigtree.Algorithm,2018-09-29T03:31:34Z,62,62,C#,TRUE,TRUE,apache-2.0
SciSharp,SciSharp/botpress,2019-02-25T23:12:29Z,6,6,JavaScript,TRUE,FALSE,
SciSharp,SciSharp/BotSharp,2017-12-17T13:51:22Z,2203,2203,C#,TRUE,TRUE,apache-2.0
SciSharp,SciSharp/BotSharp-UI,2023-12-24T19:50:11Z,88,88,SCSS,TRUE,TRUE,apache-2.0
SciSharp,SciSharp/chatbot-ui,2023-09-02T01:38:53Z,4,4,TypeScript,TRUE,FALSE,mit
SciSharp,SciSharp/CherubNLP,2018-10-14T13:10:29Z,114,114,C#,TRUE,TRUE,apache-2.0
SciSharp,SciSharp/ChillXML,2020-02-19T12:48:54Z,2,2,,TRUE,TRUE,apache-2.0
SciSharp,SciSharp/CodeMinion,2019-05-17T12:27:12Z,34,34,C#,TRUE,TRUE,apache-2.0
SciSharp,SciSharp/docs,2019-04-28T18:00:19Z,0,0,Jupyter Notebook,TRUE,FALSE,apache-2.0
SciSharp,SciSharp/dotnet-mysql-replication,2019-09-24T10:08:17Z,49,49,C#,TRUE,TRUE,apache-2.0
SciSharp,SciSharp/dotnet-script,2019-02-22T05:48:55Z,4,4,C#,TRUE,TRUE,mit
SciSharp,SciSharp/GGMLSharp,2024-05-17T00:03:12Z,24,24,C#,TRUE,FALSE,mit
SciSharp,SciSharp/GraphEngine,2019-02-02T14:22:04Z,2,2,C#,TRUE,TRUE,other
SciSharp,SciSharp/grpc-dotnet,2019-02-06T12:07:25Z,2,2,C#,TRUE,TRUE,apache-2.0
SciSharp,SciSharp/Gym.NET,2019-06-27T01:59:27Z,126,126,C#,TRUE,TRUE,apache-2.0
SciSharp,SciSharp/HDF5-CSharp,2020-12-30T03:41:36Z,10,10,C#,TRUE,TRUE,mit
SciSharp,SciSharp/ICSharpCore,2018-11-09T21:08:06Z,76,76,C#,TRUE,TRUE,apache-2.0
SciSharp,SciSharp/jupyter-core,2019-05-12T03:01:34Z,0,0,C#,TRUE,TRUE,mit
SciSharp,SciSharp/Keras.NET,2019-06-16T23:38:06Z,598,598,C#,TRUE,TRUE,mit
SciSharp,SciSharp/lapack,2019-01-09T20:49:26Z,2,2,Fortran,TRUE,TRUE,other
SciSharp,SciSharp/LLamaSharp,2023-05-09T18:03:21Z,2627,2627,C#,TRUE,FALSE,mit
SciSharp,SciSharp/LLamaSharpBinaries,2024-07-08T00:45:46Z,0,0,,TRUE,TRUE,
SciSharp,SciSharp/ludwig,2019-06-24T01:29:43Z,1,1,Python,TRUE,TRUE,apache-2.0
SciSharp,SciSharp/Ludwig.NET,2019-06-24T01:41:34Z,26,26,C#,TRUE,TRUE,apache-2.0
SciSharp,SciSharp/machinelearning,2019-05-25T20:44:57Z,3,3,C#,TRUE,FALSE,mit
SciSharp,SciSharp/Matplotlib.Net,2019-05-18T19:58:08Z,54,54,C#,TRUE,TRUE,apache-2.0
SciSharp,SciSharp/MatplotlibCS,2019-02-22T04:25:27Z,4,4,C#,TRUE,TRUE,mit
SciSharp,SciSharp/Microcharts.Matplotlib,2019-05-09T05:15:41Z,22,22,C#,TRUE,TRUE,apache-2.0
SciSharp,SciSharp/models,2019-07-21T22:59:09Z,2,2,Python,TRUE,TRUE,apache-2.0
joshdholtz,joshdholtz/ACEAutocompleteBar,2014-01-21T14:14:56Z,0,0,Objective-C,TRUE,TRUE,mit
joshdholtz,joshdholtz/acf-s3-uploader,2016-06-17T17:00:59Z,0,0,,TRUE,TRUE,
joshdholtz,joshdholtz/ActionKit,2015-09-10T18:36:01Z,1,1,Swift,TRUE,TRUE,mit
joshdholtz,joshdholtz/ActiveLabel.swift,2016-10-11T02:10:02Z,1,1,Swift,TRUE,TRUE,mit
joshdholtz,joshdholtz/AFNetworking,2014-06-02T11:32:02Z,0,0,Objective-C,TRUE,TRUE,mit
joshdholtz,joshdholtz/Alamofire,2016-03-04T20:41:55Z,1,1,Swift,TRUE,FALSE,mit
joshdholtz,joshdholtz/altconf-fastlane-best-practices,2018-06-07T20:08:44Z,1,1,CSS,TRUE,TRUE,mit
joshdholtz,joshdholtz/app,2020-04-05T12:07:18Z,0,0,,TRUE,TRUE,other
joshdholtz,joshdholtz/app-store-connect-api-spec,2023-06-06T11:20:53Z,0,0,,TRUE,TRUE,
joshdholtz,joshdholtz/appstoreconnect-swift-sdk,2020-10-11T14:47:51Z,0,0,,TRUE,TRUE,other
joshdholtz,joshdholtz/aprsdroid,2017-08-05T17:58:54Z,0,0,Scala,TRUE,TRUE,gpl-2.0
joshdholtz,joshdholtz/Arelle,2014-06-25T14:18:13Z,0,0,Python,TRUE,FALSE,apache-2.0
joshdholtz,joshdholtz/artsy.github.io,2020-09-30T16:02:19Z,0,0,,TRUE,FALSE,mit
joshdholtz,joshdholtz/automatic-app-landing-page,2021-05-25T03:06:52Z,0,0,,TRUE,TRUE,mit
joshdholtz,joshdholtz/AvdLee,2021-10-06T14:39:29Z,0,0,,TRUE,TRUE,
joshdholtz,joshdholtz/AwesomeCache,2015-05-22T02:10:03Z,0,0,Swift,TRUE,TRUE,mit
joshdholtz,joshdholtz/babel,2018-05-07T10:45:17Z,1,1,JavaScript,TRUE,TRUE,mit
joshdholtz,joshdholtz/bandittv-ios,2014-11-09T22:21:29Z,0,0,Objective-C,TRUE,TRUE,
joshdholtz,joshdholtz/boarding,2018-03-27T11:15:50Z,0,0,Ruby,TRUE,FALSE,mit
joshdholtz,joshdholtz/boulder,2013-10-31T15:18:55Z,0,0,,TRUE,TRUE,
joshdholtz,joshdholtz/Boutique,2022-07-30T00:44:21Z,0,0,,TRUE,TRUE,mit
joshdholtz,joshdholtz/bugsnag-cocoa,2015-07-13T20:28:07Z,0,0,C,TRUE,TRUE,mit
joshdholtz,joshdholtz/capacitor,2018-03-07T22:33:13Z,1,1,TypeScript,TRUE,TRUE,other
joshdholtz,joshdholtz/chrome-circle-pr,2015-10-15T13:42:12Z,7,7,JavaScript,TRUE,TRUE,mit
joshdholtz,joshdholtz/circleci-orbs,2020-08-18T02:55:38Z,2,2,,TRUE,TRUE,
joshdholtz,joshdholtz/CircleShadowImageView,2014-01-30T19:49:29Z,7,7,Objective-C,TRUE,TRUE,mit
joshdholtz,joshdholtz/CLGeocoder-DoubleLookup,2014-02-06T23:38:25Z,1,1,Objective-C,TRUE,TRUE,
joshdholtz,joshdholtz/climbon-api,2017-03-01T14:41:34Z,1,1,Swift,TRUE,TRUE,mit
joshdholtz,joshdholtz/climbon-web,2017-03-08T05:53:34Z,0,0,JavaScript,TRUE,TRUE,
joshdholtz,joshdholtz/CocoaConferences,2024-07-23T17:14:23Z,0,0,,TRUE,FALSE,
johnpolacek,johnpolacek/animate-in,2024-01-14T20:47:26Z,7,7,TypeScript,TRUE,TRUE,
johnpolacek,johnpolacek/animated-gradient-background-generator,2021-07-21T02:52:41Z,75,75,JavaScript,TRUE,TRUE,
johnpolacek,johnpolacek/atomic-css-from-json,2017-07-08T21:39:45Z,3,3,JavaScript,TRUE,TRUE,mit
johnpolacek,johnpolacek/awesome-coronavirus,2020-03-28T20:07:24Z,0,0,,TRUE,TRUE,mit
johnpolacek,johnpolacek/background-pattern-overlay,2012-06-08T15:57:59Z,7,7,,TRUE,TRUE,
johnpolacek,johnpolacek/BigVideo.js,2012-08-14T21:10:43Z,2249,2249,JavaScript,TRUE,TRUE,
johnpolacek,johnpolacek/bootstrap,2012-10-05T16:05:48Z,0,0,JavaScript,TRUE,TRUE,apache-2.0
johnpolacek,johnpolacek/bootstrap-project,2012-05-06T15:51:37Z,3,3,JavaScript,TRUE,TRUE,
johnpolacek,johnpolacek/botluck,2023-02-06T18:41:57Z,1,1,TypeScript,TRUE,TRUE,
johnpolacek,johnpolacek/bucket-cms,2023-08-20T15:40:39Z,5,5,TypeScript,TRUE,TRUE,other
johnpolacek,johnpolacek/cardtable,2021-11-14T18:42:34Z,5,5,JavaScript,TRUE,TRUE,
johnpolacek,johnpolacek/channel-of-awesome,2015-03-21T12:57:43Z,0,0,HTML,TRUE,TRUE,
johnpolacek,johnpolacek/chicagotechevents.com,2019-03-16T16:43:05Z,5,5,JavaScript,TRUE,TRUE,
johnpolacek,johnpolacek/clerk-next-app,2023-10-14T00:18:34Z,0,0,,TRUE,TRUE,
johnpolacek,johnpolacek/code.johnpolacek.com,2011-03-01T01:05:30Z,4,4,ActionScript,TRUE,TRUE,
johnpolacek,johnpolacek/controldeck.js,2012-12-30T16:46:14Z,357,357,JavaScript,TRUE,TRUE,
johnpolacek,johnpolacek/covidcost,2020-03-28T17:52:01Z,3,3,JavaScript,TRUE,TRUE,mit
johnpolacek,johnpolacek/create-bucket-cms,2023-08-31T11:27:36Z,1,1,JavaScript,TRUE,TRUE,
johnpolacek,johnpolacek/create-hello-next-app,2023-04-16T19:28:02Z,0,0,JavaScript,TRUE,TRUE,mit
johnpolacek,johnpolacek/css-in-js-or-css-and-js,2018-12-09T14:38:12Z,16,16,JavaScript,TRUE,TRUE,mit
johnpolacek,johnpolacek/cypress-plugin-stripe-elements,2022-12-02T13:22:10Z,0,0,,TRUE,TRUE,mit
johnpolacek,johnpolacek/date-range-picker-for-shadcn,2023-07-19T14:08:48Z,687,687,TypeScript,TRUE,TRUE,mit
johnpolacek,johnpolacek/date-range-picker-for-shadcn-demo,2023-07-19T13:28:54Z,0,0,TypeScript,TRUE,TRUE,
johnpolacek,johnpolacek/demo-project,2024-10-11T01:24:06Z,0,0,TypeScript,TRUE,TRUE,
johnpolacek,johnpolacek/design-system-playground,2017-08-13T12:03:52Z,160,160,JavaScript,TRUE,TRUE,mit
johnpolacek,johnpolacek/dm-wires,2012-12-22T16:33:53Z,0,0,JavaScript,TRUE,TRUE,
johnpolacek,johnpolacek/dom-monster,2013-11-29T16:58:36Z,0,0,JavaScript,TRUE,TRUE,other
johnpolacek,johnpolacek/examples,2022-11-06T13:31:22Z,0,0,,TRUE,TRUE,mit
johnpolacek,johnpolacek/expressive-css,2015-12-05T15:55:51Z,279,279,HTML,TRUE,TRUE,mit
johnpolacek,johnpolacek/expressive-css-content-display-patterns,2016-02-20T15:21:08Z,1,1,PHP,TRUE,TRUE,mit
davidteather,davidteather/Angular-Tutorial,2020-02-14T22:14:39Z,0,0,TypeScript,TRUE,TRUE,
davidteather,davidteather/app-etite,2022-11-12T20:01:54Z,3,3,JavaScript,TRUE,TRUE,mit
davidteather,davidteather/astro-search-optimized-image-blog-template,2024-07-26T16:21:05Z,2,2,Astro,TRUE,TRUE,mit
davidteather,davidteather/Auto-GPT,2023-04-16T20:18:18Z,3,3,Python,TRUE,TRUE,mit
davidteather,davidteather/BackpackTf-API,2019-10-05T02:38:48Z,14,14,Python,TRUE,TRUE,mit
davidteather,davidteather/battlecode_24,2024-02-26T04:37:00Z,0,0,,TRUE,FALSE,agpl-3.0
davidteather,davidteather/canvas-notion-integration,2024-06-23T02:29:42Z,0,0,,TRUE,FALSE,mit
davidteather,davidteather/chatGPT-for-applications,2022-12-05T17:31:24Z,87,87,Python,TRUE,TRUE,gpl-3.0
davidteather,davidteather/conspiracy-bot,2020-08-20T20:54:34Z,2,2,Python,TRUE,TRUE,mit
davidteather,davidteather/copypasta-generator,2020-08-20T20:44:47Z,3,3,Python,TRUE,TRUE,other
davidteather,davidteather/COVID19-US-Chrome-Extension,2020-03-23T23:41:08Z,1,1,JavaScript,TRUE,TRUE,
davidteather,davidteather/csgo-no-hands,2020-07-30T05:27:23Z,2,2,HTML,TRUE,TRUE,other
davidteather,davidteather/cursed-python,2020-09-21T04:42:05Z,2,2,Python,TRUE,TRUE,
davidteather,davidteather/davidteather,2020-07-11T23:18:28Z,0,0,Python,TRUE,TRUE,
davidteather,davidteather/everything-web-scraping,2022-06-11T04:12:20Z,319,319,HTML,TRUE,TRUE,gpl-3.0
davidteather,davidteather/ewg-water-scrape,2020-04-08T00:50:06Z,1,1,Python,TRUE,TRUE,
davidteather,davidteather/Finger-Detection-and-Tracking,2020-07-28T22:59:02Z,0,0,,TRUE,TRUE,bsd-2-clause
davidteather,davidteather/GitHub-Education-Hackathon-Grant-Fund-2023,2023-11-17T21:00:38Z,1,1,,TRUE,TRUE,
davidteather,davidteather/gitignore,2019-10-18T00:41:24Z,0,0,,TRUE,FALSE,cc0-1.0
davidteather,davidteather/HandMovementTracking,2020-07-28T22:36:15Z,1,1,Python,TRUE,TRUE,mit
davidteather,davidteather/handtracking,2020-07-28T23:17:21Z,0,0,,TRUE,TRUE,apache-2.0
davidteather,davidteather/History,2024-05-01T03:12:34Z,0,0,Python,TRUE,TRUE,
davidteather,davidteather/Hotukdeals-Discord-Notifier,2019-09-15T15:47:55Z,5,5,Python,TRUE,TRUE,mit
davidteather,davidteather/imc-prosperity-2024,2024-02-24T17:38:15Z,1,1,Python,TRUE,TRUE,
davidteather,davidteather/Instagram-Bot,2019-09-14T16:28:54Z,39,39,Python,TRUE,TRUE,mit
davidteather,davidteather/JustGiveMeTheDamnManual.com-PDF-Downloader,2019-09-27T23:51:25Z,0,0,Python,TRUE,TRUE,
davidteather,davidteather/linkedin-profile-picture-notifier,2021-03-28T22:27:24Z,2,2,Python,TRUE,TRUE,mit
davidteather,davidteather/linux,2023-02-21T01:11:47Z,0,0,,TRUE,FALSE,other
davidteather,davidteather/lonelyplanet-water-scrape,2020-04-13T19:35:25Z,0,0,Python,TRUE,TRUE,
davidteather,davidteather/Mini-Apis,2019-09-15T21:37:10Z,1,1,Python,TRUE,TRUE,mit
jeremyckahn,jeremyckahn/3d-cards,2013-11-27T01:51:58Z,1,1,JavaScript,TRUE,TRUE,
jeremyckahn,jeremyckahn/abstract-chunk-store,2023-02-18T19:30:37Z,1,1,,TRUE,TRUE,mit
jeremyckahn,jeremyckahn/ac-data-render,2019-07-12T01:30:00Z,0,0,JavaScript,TRUE,TRUE,
jeremyckahn,jeremyckahn/ack.vim,2013-03-09T04:19:54Z,0,0,VimL,TRUE,TRUE,
jeremyckahn,jeremyckahn/aenima,2015-08-07T02:26:11Z,0,0,JavaScript,TRUE,TRUE,
jeremyckahn,jeremyckahn/alt-rekapi,2016-03-17T12:52:13Z,0,0,JavaScript,TRUE,TRUE,mit
jeremyckahn,jeremyckahn/animation-perf,2014-02-15T21:54:52Z,0,0,JavaScript,TRUE,TRUE,
jeremyckahn,jeremyckahn/AudioContext-MonkeyPatch,2014-01-16T22:32:50Z,0,0,JavaScript,TRUE,TRUE,
jeremyckahn,jeremyckahn/Awesome-Design-Tools,2019-03-19T20:34:49Z,0,0,,TRUE,TRUE,mit
jeremyckahn,jeremyckahn/awesome-gamedev,2018-09-25T20:33:32Z,0,0,,TRUE,FALSE,cc-by-sa-4.0
jeremyckahn,jeremyckahn/awesome-privacy,2023-09-05T14:30:46Z,1,1,,TRUE,TRUE,cc0-1.0
jeremyckahn,jeremyckahn/awesome-pwa,2020-11-20T14:08:40Z,0,0,,TRUE,TRUE,
jeremyckahn,jeremyckahn/awesome-selfhosted,2022-09-12T02:00:28Z,2,2,,TRUE,TRUE,other
jeremyckahn,jeremyckahn/awesome-trystero,2024-04-07T20:34:18Z,12,12,,TRUE,TRUE,gpl-2.0
jeremyckahn,jeremyckahn/backbone,2014-06-10T20:33:31Z,0,0,JavaScript,TRUE,TRUE,mit
jeremyckahn,jeremyckahn/backbone-faux-server,2013-12-12T23:16:15Z,0,0,JavaScript,TRUE,TRUE,mit
jeremyckahn,jeremyckahn/bash-powerline,2017-07-13T21:46:48Z,3,3,Shell,TRUE,TRUE,
jeremyckahn,jeremyckahn/bespoke-bug,2013-10-26T19:33:47Z,0,0,JavaScript,TRUE,TRUE,
jeremyckahn,jeremyckahn/bezierizer,2013-09-14T15:56:42Z,4,4,JavaScript,TRUE,TRUE,mit
jeremyckahn,jeremyckahn/block-doc,2013-01-19T23:11:02Z,0,0,JavaScript,TRUE,TRUE,mit
jeremyckahn,jeremyckahn/build-test,2015-01-29T02:33:21Z,0,0,JavaScript,TRUE,TRUE,
jeremyckahn,jeremyckahn/c-qwncr,2011-08-06T19:45:19Z,3,3,JavaScript,TRUE,TRUE,
jeremyckahn,jeremyckahn/Cachey,2010-09-19T19:08:37Z,6,6,JavaScript,TRUE,TRUE,
jeremyckahn,jeremyckahn/Ceaser,2012-05-13T18:16:19Z,1,1,JavaScript,TRUE,TRUE,
jeremyckahn,jeremyckahn/chitchatter,2022-08-08T02:22:28Z,1548,1548,TypeScript,TRUE,TRUE,gpl-2.0
jeremyckahn,jeremyckahn/chrome-app-samples,2014-09-02T20:50:43Z,0,0,JavaScript,TRUE,TRUE,apache-2.0
jeremyckahn,jeremyckahn/cplusplus_exercises,2013-02-24T04:24:12Z,0,0,C++,TRUE,TRUE,
jeremyckahn,jeremyckahn/cra-generate,2018-09-05T15:58:51Z,0,0,JavaScript,TRUE,TRUE,
jeremyckahn,jeremyckahn/create-react-app,2018-08-30T18:34:13Z,0,0,JavaScript,TRUE,FALSE,mit
jeremyckahn,jeremyckahn/cubelet,2013-08-07T03:31:54Z,5,5,JavaScript,TRUE,TRUE,
dchelimsky,dchelimsky/activerecord-sqlserver-adapter,2011-08-10T15:37:11Z,1,1,Ruby,TRUE,TRUE,mit
dchelimsky,dchelimsky/acts-as-savable,2012-04-25T09:19:33Z,2,2,Ruby,TRUE,FALSE,mit
dchelimsky,dchelimsky/algo.monads,2013-10-20T15:54:45Z,0,0,Clojure,TRUE,TRUE,
dchelimsky,dchelimsky/ammeter,2011-12-21T12:10:41Z,1,1,Ruby,TRUE,TRUE,mit
dchelimsky,dchelimsky/arachne-core,2017-01-11T17:27:03Z,0,0,Clojure,TRUE,FALSE,other
dchelimsky,dchelimsky/arachne-docs,2017-02-10T01:58:05Z,0,0,Clojure,TRUE,TRUE,
dchelimsky,dchelimsky/aruba,2010-06-06T14:53:45Z,4,4,Ruby,TRUE,TRUE,mit
dchelimsky,dchelimsky/aws-sdk-go,2015-10-23T20:27:26Z,0,0,Go,TRUE,TRUE,apache-2.0
dchelimsky,dchelimsky/bacon.js,2013-05-15T13:07:37Z,0,0,JavaScript,TRUE,TRUE,mit
dchelimsky,dchelimsky/blightstatus,2012-10-24T04:01:33Z,0,0,JavaScript,TRUE,TRUE,bsd-3-clause
dchelimsky,dchelimsky/boot-cljs-example,2015-10-19T18:36:45Z,0,0,Clojure,TRUE,TRUE,
dchelimsky,dchelimsky/bundler,2010-01-27T16:49:56Z,2,2,Ruby,TRUE,TRUE,mit
dchelimsky,dchelimsky/calva-leiningen-test-oddity,2022-08-09T11:55:30Z,1,1,Clojure,TRUE,TRUE,
dchelimsky,dchelimsky/capybara,2011-01-11T05:39:56Z,2,2,Ruby,TRUE,TRUE,
dchelimsky,dchelimsky/cats,2020-10-29T18:59:30Z,0,0,,TRUE,FALSE,bsd-2-clause
dchelimsky,dchelimsky/cdc-git-utils,2010-09-29T21:25:52Z,1,1,,TRUE,TRUE,
dchelimsky,dchelimsky/chicagochoroclub,2023-12-30T20:58:14Z,0,0,,TRUE,TRUE,
dchelimsky,dchelimsky/chirb-mastermind,2009-03-03T01:36:15Z,8,8,Ruby,TRUE,TRUE,
dchelimsky,dchelimsky/Choron,2014-02-05T14:40:18Z,0,0,Ruby,TRUE,TRUE,
dchelimsky,dchelimsky/cider,2017-11-10T18:56:45Z,0,0,Emacs Lisp,TRUE,FALSE,
dchelimsky,dchelimsky/clearance,2010-02-22T22:14:50Z,1,1,Ruby,TRUE,TRUE,mit
dchelimsky,dchelimsky/clj-time,2012-12-29T14:49:39Z,0,0,Clojure,TRUE,TRUE,other
dchelimsky,dchelimsky/clojure,2020-06-02T15:13:42Z,0,0,,TRUE,FALSE,
dchelimsky,dchelimsky/clojure-maven-plugin,2019-01-29T11:15:18Z,0,0,Java,TRUE,TRUE,
dchelimsky,dchelimsky/cucumber,2009-06-18T00:12:02Z,12,12,Ruby,TRUE,TRUE,mit
dchelimsky,dchelimsky/cucumber-output-example,2013-03-01T04:29:55Z,0,0,Ruby,TRUE,TRUE,
dchelimsky,dchelimsky/cucumber-rails,2010-07-19T03:37:17Z,4,4,Ruby,TRUE,TRUE,mit
dchelimsky,dchelimsky/database_cleaner,2013-03-03T12:54:51Z,0,0,Ruby,TRUE,TRUE,mit
dchelimsky,dchelimsky/dchelimsky.github.com,2013-08-18T15:30:44Z,0,0,HTML,TRUE,TRUE,
dchelimsky,dchelimsky/decent_exposure,2010-04-07T16:50:37Z,2,2,Ruby,TRUE,TRUE,wtfpl
coreyhaines,coreyhaines/adventofcode2020,2020-12-01T13:58:00Z,1,1,Ruby,TRUE,TRUE,mit
coreyhaines,coreyhaines/advent_of_code_2023,2023-12-01T16:40:04Z,0,0,Ruby,TRUE,TRUE,
coreyhaines,coreyhaines/all_the_blog,2012-02-15T19:01:05Z,1,1,Ruby,TRUE,TRUE,
coreyhaines,coreyhaines/apparition,2020-12-18T16:40:15Z,0,0,,TRUE,TRUE,mit
coreyhaines,coreyhaines/asset-resource,2010-08-23T21:53:22Z,1,1,Ruby,TRUE,TRUE,
coreyhaines,coreyhaines/ball_dragger,2010-06-14T21:50:02Z,2,2,JavaScript,TRUE,TRUE,
coreyhaines,coreyhaines/base32,2010-11-02T12:55:18Z,1,1,Ruby,TRUE,TRUE,
coreyhaines,coreyhaines/baseline,2013-08-19T00:07:14Z,0,0,Shell,TRUE,TRUE,
coreyhaines,coreyhaines/bawch,2013-01-16T23:10:56Z,34,34,Ruby,TRUE,FALSE,
coreyhaines,coreyhaines/bdd_in_javascript_article_part_1,2010-06-30T16:15:49Z,4,4,JavaScript,TRUE,TRUE,
coreyhaines,coreyhaines/bdd_in_javascript_article_part_2,2010-09-26T17:35:28Z,2,2,JavaScript,TRUE,TRUE,
coreyhaines,coreyhaines/becoming,2013-06-09T02:17:21Z,1,1,Objective-C,TRUE,TRUE,wtfpl
coreyhaines,coreyhaines/blue-ridge,2010-01-31T15:06:33Z,2,2,JavaScript,TRUE,FALSE,mit
coreyhaines,coreyhaines/builder,2014-02-12T19:28:52Z,0,0,Ruby,TRUE,TRUE,mit
coreyhaines,coreyhaines/check_crypto_portfolio_value,2021-02-07T00:18:44Z,4,4,Ruby,FALSE,FALSE,mit
coreyhaines,coreyhaines/chisc,2012-02-20T19:01:26Z,2,2,Ruby,TRUE,TRUE,
coreyhaines,coreyhaines/CodeKatas,2013-12-28T02:29:31Z,4,4,C#,TRUE,TRUE,apache-2.0
coreyhaines,coreyhaines/codemash_lightning_talks,2012-01-08T01:07:56Z,2,2,Ruby,TRUE,TRUE,
coreyhaines,coreyhaines/coderetreat,2011-09-11T02:48:19Z,83,83,C++,TRUE,TRUE,
coreyhaines,coreyhaines/coderetreat-floyd,2012-04-26T14:21:48Z,1,1,JavaScript,TRUE,FALSE,
coreyhaines,coreyhaines/coderetreat-web,2011-04-29T21:10:56Z,5,5,JavaScript,TRUE,FALSE,
coreyhaines,coreyhaines/combinators,2012-12-11T01:42:47Z,1,1,Ruby,TRUE,TRUE,
coreyhaines,coreyhaines/combinegpx,2020-08-20T22:15:29Z,1,1,Elm,FALSE,FALSE,mit
coreyhaines,coreyhaines/coreyhaines-com,2010-01-11T17:47:34Z,2,2,,TRUE,FALSE,
coreyhaines,coreyhaines/coreyhaines.github.com,2011-07-14T15:52:38Z,1,1,,TRUE,TRUE,
coreyhaines,coreyhaines/coreyhaines.github.io,2013-09-22T16:34:11Z,1,1,CSS,FALSE,FALSE,mit
coreyhaines,coreyhaines/CorneliusCodes,2021-09-23T00:28:18Z,0,0,,TRUE,TRUE,mit
coreyhaines,coreyhaines/Coupon-Tracker-Test-App,2009-06-01T19:07:41Z,2,2,Ruby,TRUE,TRUE,
coreyhaines,coreyhaines/cucumber,2009-10-07T03:23:39Z,3,3,Ruby,TRUE,TRUE,mit
coreyhaines,coreyhaines/cucumber-rails,2010-06-12T23:30:45Z,1,1,Ruby,TRUE,TRUE,mit
rharter,rharter/AardwolfMudlet,2021-03-15T14:04:52Z,0,0,Lua,TRUE,TRUE,ofl-1.1
rharter,rharter/AdoptMe,2014-02-24T00:22:30Z,10,10,Java,TRUE,TRUE,
rharter,rharter/Amphitheatre,2014-08-07T02:28:10Z,0,0,Java,TRUE,TRUE,apache-2.0
rharter,rharter/android-drone,2014-05-30T01:49:34Z,3,3,Shell,TRUE,TRUE,mit
rharter,rharter/android-gesture-detectors,2014-05-20T20:28:14Z,366,366,Java,TRUE,FALSE,other
rharter,rharter/android-gesture-sample,2014-10-06T13:52:32Z,17,17,Java,TRUE,TRUE,mit
rharter,rharter/android-json,2018-02-15T17:32:56Z,0,0,Java,TRUE,TRUE,
rharter,rharter/android-libcompat,2012-02-22T23:57:21Z,1,1,Java,TRUE,TRUE,
rharter,rharter/android-numberpicker,2013-06-17T21:33:44Z,0,0,Java,TRUE,TRUE,apache-2.0
rharter,rharter/android-play-billing,2018-08-22T03:28:02Z,1,1,Kotlin,TRUE,TRUE,apache-2.0
rharter,rharter/android-segmented-control,2017-09-08T20:11:26Z,0,0,Java,TRUE,TRUE,
rharter,rharter/android-source-raw,2014-12-18T21:43:25Z,0,0,JavaScript,TRUE,TRUE,
rharter,rharter/android-swipelistview,2014-04-20T17:25:58Z,1,1,Java,TRUE,TRUE,apache-2.0
rharter,rharter/android-tooltips,2014-07-25T15:32:37Z,77,77,Java,TRUE,TRUE,
rharter,rharter/Android-TV-Launcher,2011-12-31T18:09:41Z,146,146,Java,TRUE,TRUE,
rharter,rharter/android-wear-codelab,2014-06-08T15:43:41Z,0,0,Java,TRUE,TRUE,
rharter,rharter/AndroidDesignPreview,2014-07-07T15:15:48Z,0,0,,TRUE,TRUE,apache-2.0
rharter,rharter/AndroidSlidingUpPanel,2014-06-11T18:59:31Z,0,0,Java,TRUE,TRUE,apache-2.0
rharter,rharter/angularfire,2020-06-15T18:49:54Z,0,0,,TRUE,FALSE,mit
rharter,rharter/animalheartline,2016-06-05T23:17:55Z,0,0,HTML,TRUE,TRUE,
rharter,rharter/Anvil-Sample,2022-06-04T06:32:20Z,0,0,,TRUE,TRUE,
rharter,rharter/auto,2015-05-01T20:00:55Z,0,0,Java,TRUE,TRUE,apache-2.0
rharter,rharter/auto-value-extension-util,2016-05-03T16:48:36Z,0,0,Java,TRUE,FALSE,apache-2.0
rharter,rharter/auto-value-gson,2015-07-21T06:15:49Z,607,607,Java,TRUE,TRUE,apache-2.0
rharter,rharter/auto-value-moshi,2015-08-15T04:52:29Z,189,189,Java,TRUE,TRUE,apache-2.0
rharter,rharter/auto-value-parcel,2015-05-13T14:58:57Z,655,655,Java,TRUE,TRUE,apache-2.0
rharter,rharter/auto-value-redacted,2015-10-29T15:56:53Z,0,0,Java,TRUE,FALSE,apache-2.0
rharter,rharter/autoexttest,2015-05-15T20:12:37Z,0,0,Java,TRUE,TRUE,
rharter,rharter/automatic-ripping-machine,2020-05-12T14:34:06Z,0,0,,TRUE,TRUE,mit
rharter,rharter/Autorippr,2018-05-21T18:08:30Z,0,0,Python,TRUE,TRUE,mit
harperreed,harperreed/2016,2016-08-01T14:09:39Z,2,2,JavaScript,TRUE,FALSE,
harperreed,harperreed/2024.lol,2024-08-05T21:37:12Z,2,2,JavaScript,TRUE,TRUE,
harperreed,harperreed/3gDemon,2010-06-17T05:24:53Z,2,2,PHP,TRUE,TRUE,
harperreed,harperreed/art-gen-display,2023-11-16T03:41:39Z,3,3,JavaScript,TRUE,TRUE,
harperreed,harperreed/art.pizza,2021-02-13T18:35:55Z,3,3,Vue,TRUE,TRUE,mit
harperreed,harperreed/Asterisk-CallerID-Spoofing,2010-06-17T05:27:25Z,73,73,PHP,TRUE,TRUE,
harperreed,harperreed/audreyhacking,2024-02-20T04:25:05Z,0,0,HTML,FALSE,TRUE,
harperreed,harperreed/aws-ofa,2021-12-22T19:26:02Z,0,0,,FALSE,FALSE,
harperreed,harperreed/Baby-Chains,2009-08-31T16:42:25Z,10,10,Python,TRUE,TRUE,
harperreed,harperreed/berto,2019-08-16T01:21:25Z,6,6,Shell,TRUE,TRUE,other
harperreed,harperreed/big,2012-11-25T04:53:54Z,2,2,JavaScript,TRUE,TRUE,other
harperreed,harperreed/big-pptx,2018-04-07T19:49:26Z,2,2,Python,TRUE,TRUE,mit
harperreed,harperreed/big-renderer,2018-04-07T19:42:51Z,0,0,Python,TRUE,TRUE,mit
harperreed,harperreed/big-slides,2018-04-07T22:50:10Z,0,0,Python,TRUE,TRUE,mit
harperreed,harperreed/bigpy,2012-11-25T06:11:10Z,26,26,Python,TRUE,TRUE,
harperreed,harperreed/blog-vrv-co-redux,2021-10-11T04:15:25Z,0,0,JavaScript,TRUE,TRUE,
harperreed,harperreed/bookshelf-speaker,2024-04-07T18:03:29Z,0,0,,TRUE,TRUE,
harperreed,harperreed/bounce-house,2023-02-12T03:54:42Z,0,0,Python,TRUE,TRUE,
harperreed,harperreed/boyhoodhome.com,2018-06-07T16:23:48Z,0,0,Makefile,FALSE,FALSE,
harperreed,harperreed/busylight-for-mqtt,2021-12-14T22:05:49Z,1,1,Python,TRUE,TRUE,mit
harperreed,harperreed/C4-API-bridge-python,2017-03-15T23:32:17Z,4,4,Python,TRUE,FALSE,mit
harperreed,harperreed/chicago-card-crawler,2012-11-15T16:45:18Z,6,6,Python,TRUE,TRUE,
harperreed,harperreed/ChicagoCanoeClub,2010-10-13T06:29:39Z,5,5,JavaScript,TRUE,FALSE,
harperreed,harperreed/chromecast-control,2013-08-23T17:25:55Z,46,46,Python,TRUE,TRUE,mit
harperreed,harperreed/cms-ltc,2020-09-24T01:06:35Z,0,0,HTML,TRUE,TRUE,
harperreed,harperreed/companion-app,2023-07-13T13:49:07Z,0,0,,TRUE,TRUE,mit
harperreed,harperreed/control4-drivers,2017-11-20T16:17:20Z,3,3,,TRUE,TRUE,
harperreed,harperreed/crisis-proposal-bot,2021-06-13T22:17:24Z,3,3,Python,TRUE,TRUE,
harperreed,harperreed/ct-playbooks,2020-05-05T17:03:42Z,0,0,HTML,TRUE,TRUE,mit
harperreed,harperreed/ctaalerts,2010-06-05T17:56:57Z,6,6,Python,TRUE,TRUE,
sksamuel,sksamuel/1brc,2024-01-11T13:59:08Z,0,0,,TRUE,TRUE,apache-2.0
sksamuel,sksamuel/aedile,2022-09-19T01:42:29Z,168,168,Kotlin,TRUE,TRUE,apache-2.0
sksamuel,sksamuel/avro4s,2015-09-16T14:50:22Z,718,718,Scala,TRUE,TRUE,apache-2.0
sksamuel,sksamuel/camelwatch,2012-06-28T07:20:50Z,48,48,Java,TRUE,TRUE,apache-2.0
sksamuel,sksamuel/centurion,2013-10-16T17:10:44Z,327,327,Kotlin,TRUE,TRUE,apache-2.0
sksamuel,sksamuel/cohort,2021-02-27T00:02:14Z,127,127,Kotlin,TRUE,TRUE,apache-2.0
sksamuel,sksamuel/collared-kerberos,2023-09-18T06:53:12Z,0,0,,TRUE,TRUE,apache-2.0
sksamuel,sksamuel/exts,2016-01-22T16:54:52Z,7,7,Scala,TRUE,TRUE,apache-2.0
sksamuel,sksamuel/gwt-websockets,2012-09-14T07:53:11Z,65,65,Java,TRUE,TRUE,apache-2.0
sksamuel,sksamuel/hoplite,2019-05-20T23:27:42Z,921,921,Kotlin,FALSE,FALSE,apache-2.0
sksamuel,sksamuel/java-server-sdk,2024-09-24T00:10:43Z,0,0,,TRUE,TRUE,isc
sksamuel,sksamuel/kerb4j,2023-09-18T06:53:00Z,0,0,Java,TRUE,TRUE,lgpl-2.1
sksamuel,sksamuel/kotlin-logging,2024-01-14T21:24:37Z,0,0,,TRUE,TRUE,other
sksamuel,sksamuel/ktor-plugin-registry,2024-04-28T18:57:41Z,0,0,,TRUE,FALSE,apache-2.0
sksamuel,sksamuel/micronaut-test,2023-10-01T23:25:00Z,0,0,,TRUE,TRUE,apache-2.0
sksamuel,sksamuel/samstack,2022-05-04T01:08:19Z,21,21,Kotlin,TRUE,TRUE,apache-2.0
sksamuel,sksamuel/sbt-avro4s,2015-09-22T04:56:33Z,20,20,Scala,TRUE,TRUE,mit
sksamuel,sksamuel/scrimage,2013-06-03T16:40:25Z,1073,1073,Java,FALSE,TRUE,apache-2.0
sksamuel,sksamuel/signum,2020-09-04T23:32:28Z,6,6,Kotlin,TRUE,TRUE,apache-2.0
sksamuel,sksamuel/tabby,2020-07-17T19:33:25Z,23,23,Kotlin,FALSE,FALSE,apache-2.0
sksamuel,sksamuel/tribune,2013-06-14T16:15:51Z,199,199,Kotlin,TRUE,TRUE,apache-2.0
sksamuel,sksamuel/vertx-awesome,2024-02-25T17:01:37Z,0,0,,TRUE,FALSE,apache-2.0
leeoniya,leeoniya/ac-colors,2020-06-04T22:15:19Z,2,2,,TRUE,TRUE,mit
leeoniya,leeoniya/alarmBeepDetect,2017-06-22T06:56:47Z,0,0,Python,TRUE,TRUE,
leeoniya,leeoniya/ASAP,2020-11-06T13:22:30Z,0,0,,TRUE,TRUE,apache-2.0
leeoniya,leeoniya/awesome-javascript,2016-04-26T03:24:45Z,2,2,,TRUE,TRUE,
leeoniya,leeoniya/bala,2016-01-08T06:15:01Z,0,0,JavaScript,TRUE,TRUE,mit
leeoniya,leeoniya/balalaika,2015-12-23T07:38:40Z,0,0,JavaScript,TRUE,TRUE,mit
leeoniya,leeoniya/blog-dombench,2016-03-07T06:24:11Z,0,0,JavaScript,TRUE,TRUE,
leeoniya,leeoniya/browser-perf,2018-08-04T19:31:18Z,0,0,JavaScript,TRUE,TRUE,bsd-2-clause
leeoniya,leeoniya/canvas2svg,2020-12-02T22:26:35Z,0,0,,TRUE,TRUE,mit
leeoniya,leeoniya/cat-clicker,2016-04-26T07:14:28Z,0,0,HTML,TRUE,TRUE,
leeoniya,leeoniya/centrifuge-js,2021-04-12T17:57:58Z,1,1,,TRUE,TRUE,mit
leeoniya,leeoniya/Chart.js,2019-12-15T03:47:57Z,0,0,,TRUE,FALSE,mit
leeoniya,leeoniya/citojs,2015-11-18T08:01:25Z,0,0,JavaScript,TRUE,TRUE,mpl-2.0
leeoniya,leeoniya/cm6-promql-test,2024-07-18T03:05:22Z,0,0,TypeScript,TRUE,TRUE,
leeoniya,leeoniya/CodeMirror,2016-10-07T01:17:33Z,0,0,JavaScript,TRUE,TRUE,mit
leeoniya,leeoniya/codemirror.next,2020-09-12T00:43:53Z,1,1,,TRUE,FALSE,other
leeoniya,leeoniya/collision-gjk-epa,2021-05-01T21:08:40Z,2,2,,TRUE,TRUE,mit
leeoniya,leeoniya/color-diff,2015-01-22T18:12:55Z,1,1,JavaScript,TRUE,TRUE,other
leeoniya,leeoniya/count-files,2018-09-03T02:11:12Z,0,0,JavaScript,TRUE,TRUE,
leeoniya,leeoniya/covid19-india,2020-06-14T20:25:11Z,0,0,,TRUE,TRUE,gpl-3.0
leeoniya,leeoniya/credit-card-type,2018-05-17T05:41:55Z,0,0,JavaScript,TRUE,FALSE,mit
leeoniya,leeoniya/Croppie,2019-05-31T17:13:00Z,0,0,JavaScript,TRUE,TRUE,mit
leeoniya,leeoniya/css-select-browser-adapter,2019-03-22T04:10:47Z,0,0,JavaScript,TRUE,TRUE,mit
leeoniya,leeoniya/cssobj,2018-11-02T23:03:55Z,0,0,JavaScript,TRUE,TRUE,mit
leeoniya,leeoniya/csv-benchmarks,2023-09-01T16:35:26Z,0,0,,TRUE,TRUE,mit
leeoniya,leeoniya/csv-parsers-benchmarks,2023-06-05T19:48:55Z,0,0,,TRUE,TRUE,mit
leeoniya,leeoniya/culori,2021-03-26T05:01:54Z,1,1,,TRUE,TRUE,mit
leeoniya,leeoniya/d3-cam02,2019-10-05T01:30:00Z,0,0,,TRUE,TRUE,bsd-3-clause
leeoniya,leeoniya/dbscan1d,2022-10-25T02:29:43Z,1,1,,TRUE,TRUE,lgpl-3.0
leeoniya,leeoniya/DenStream,2022-07-18T19:11:26Z,0,0,,TRUE,TRUE,mit